,Latitude,Longitude,City,Country,Temperature (F),Humidity (%),Cloud Cover (%),Wind Speed (MPH),Date (UTC)
0,55.64,95.45,Irbeyskoye,RU,32.67,88,41,12.03,1603932457
1,-21.36,55.77,Saint-Philippe,RE,62.92,64,0,5.82,1603931947
2,-42.88,147.33,Hobart,AU,64.71,54,25,1.99,1603931762
3,-34.42,19.23,Hermanus,ZA,62.01,72,100,1.01,1603931918
4,-34.53,20.04,Bredasdorp,ZA,62.6,59,100,2.24,1603931919
5,-24.79,-50.01,Castro,BR,63.34,48,0,2.59,1603931921
6,-54.8,-68.3,Ushuaia,AR,39.27,86,100,4.36,1603931911
7,20.05,110.34,Haikou,CN,79.86,82,48,20.42,1603932465
8,62.46,-114.35,Yellowknife,CA,22.75,97,98,4.23,1603931947
9,-29.98,-50.13,Tramandaí,BR,65.26,89,0,4.27,1603932467
10,29.11,21.29,Awjilah,LY,62.6,73,0,6.67,1603932468
11,61.99,-49.67,Paamiut,GL,27.63,87,100,13.24,1603932469
12,71.92,114.08,Saskylakh,RU,1.51,90,93,8.84,1603931917
13,-46.19,168.86,Mataura,NZ,59,75,62,4,1603931909
14,77.48,-69.36,Qaanaaq,GL,7.38,73,7,11.18,1603931929
15,65.28,-126.83,Norman Wells,CA,17.8,96,88,2.82,1603932475
16,-9.8,-139.03,Atuona,PF,77.81,73,3,13.02,1603931949
17,62.23,-6.59,Klaksvík,FO,48.13,83,66,16.96,1603931941
18,-15.8,-43.31,Janaúba,BR,76.05,75,100,1.97,1603932480
19,57.05,-135.33,Sitka,US,43.38,75,2,2.21,1603931922
20,65.61,-37.64,Tasiilaq,GL,33.8,37,100,19.46,1603931924
21,18.74,7.39,Arlit,NE,77.05,17,0,6.8,1603932483
22,42.1,-79.24,Jamestown,US,43.2,90,100,1.99,1603931756
23,-2.95,25.95,Kindu,CD,69.85,98,100,0.87,1603932485
24,-20.41,57.7,Mahébourg,MU,71.01,73,59,5.01,1603932486
25,-39.88,176.63,Otane,NZ,57.33,88,90,2.06,1603932488
26,59.7,30.79,Nikolskoye,RU,45,95,100,1.01,1603932489
27,5.38,-52.95,Sinnamary,GF,80.85,81,10,12.5,1603932490
28,-2.42,115.25,Amuntai,ID,86.23,65,23,1.41,1603932491
29,53.07,82.34,Rebrikha,RU,24.15,94,100,13.18,1603932492
30,-14.83,-64.9,La Santisima Trinidad,BO,84.96,59,92,5.37,1603932493
31,56.45,138.17,Ayan,RU,34.57,97,100,15.61,1603932495
32,47.91,123.5,Gannan,CN,36.07,65,0,4.29,1603932496
33,32.3,-9.24,Safi,MA,63.55,73,0,16.91,1603932498
34,70.37,31.11,Vardø,NO,39.61,88,100,14.63,1603932499
35,-0.6,73.08,Hithadhoo,MV,83.19,74,0,11.14,1603931911
36,-33.65,115.33,Busselton,AU,63.36,41,0,11.79,1603931922
37,9.23,-78.02,Ailigandí,PA,80.71,82,100,4.32,1603932503
38,-3.9,-38.39,Aquiraz,BR,80.01,74,94,23,1603932505
39,31.65,-106.3,Socorro,US,50.4,42,0,8.63,1603932506
40,-0.74,-90.35,Puerto Ayora,EC,68,92,58,1.01,1603932507
41,6.5,2.6,Porto-Novo,BJ,77.85,88,98,6.87,1603932508
42,1.33,172.98,Bairiki Village,KI,81.14,67,32,3.47,1603932509
43,58.96,126.29,Tommot,RU,10.33,92,89,0.81,1603931812
44,72.79,-56.15,Upernavik,GL,13.17,84,97,11.56,1603931915
45,9.08,3.85,Kisi,NG,74.01,41,0,1.74,1603932513
46,54.3,110.3,Kurumkan,RU,31.53,89,100,0.74,1603932514
47,42.6,-73.97,Albany,US,45,94,100,3.65,1603932422
48,62.53,155.8,Omsukchan,RU,15.93,83,12,3.91,1603932516
49,60.14,-45.24,Nanortalik,GL,32.56,92,100,12.53,1603931926
50,10.44,45.01,Berbera,SO,80.04,59,0,5.46,1603932519
51,-5.81,-61.3,Manicoré,BR,80.78,71,100,3,1603932520
52,71.29,-156.79,Barrow,US,23,62,75,5.97,1603932455
53,-23.12,-134.97,Rikitea,PF,74.98,81,100,11.65,1603932522
54,-20.34,57.76,Bambous Virieux,MU,71.01,73,39,5.01,1603932524
55,-21.2,-175.2,Vaini,TO,73.15,72,10,19.89,1603931931
56,22.08,-159.32,Kapaa,US,75.02,59,78,10.83,1603932441
57,55.16,8.77,Skaerbaek,DK,48.65,90,100,8.01,1603932528
58,40.43,71.72,Yangi Marg`ilon,UZ,39.56,62,28,1.28,1603932529
59,3.07,172.79,Butaritari,KI,81.46,73,100,5.03,1603932530
60,-33.01,17.94,Saldanha,ZA,59.59,88,100,13.82,1603932531
61,28.03,-82.01,Winston,US,80.76,84,0,1.99,1603932532
62,-16.35,-53.76,Guiratinga,BR,71.4,91,100,4.47,1603932533
63,-6.88,112.21,Labuhan,ID,83.43,74,48,6.06,1603931938
64,32.67,-17.1,Ponta do Sol,PT,59.85,80,65,3,1603932536
65,64.84,-147.72,Fairbanks,US,18.23,94,0,2.01,1603932285
66,38.89,-76.51,Mayo,US,64.24,99,100,3.91,1603931947
67,-18.77,46.03,Tsiroanomandidy,MG,68.54,66,0,4.16,1603931953
68,-34,24.73,Kruisfontein,ZA,61,93,100,1.01,1603932540
69,49.78,-74.85,Chapais,CA,30.22,98,99,9.33,1603932541
70,64.89,-23.71,Olafsvik,IS,42.1,71,77,27.04,1603932543
71,61.67,96.37,Baykit,RU,23.34,95,99,3.65,1603932544
72,51.23,-58.65,Saint-Augustin,CA,28.81,86,100,9.22,1603932545
73,57.79,-152.41,Saint Paul Harbor,US,40.26,70,52,4,1603932546
74,35.73,140.83,Hasaki,JP,66,67,0,1.99,1603932547
75,-21.21,-159.78,Avarua,CK,72.99,81,50,19.26,1603932548
76,18.69,12.92,Bilma,NE,70.14,20,0,4.5,1603932551
77,-6.22,155.63,Kieta,PG,84.97,70,99,2.89,1603932552
78,-42.78,147.06,New Norfolk,AU,63.54,52,42,1.99,1603932553
79,-10.07,-78.15,Huarmey,PE,64.18,79,95,9.1,1603932554
80,16.33,-15,Saint-Louis,SN,87.03,13,0,8.59,1603932555
81,69.2,33.45,Polyarny,RU,38.35,90,100,12.66,1603932556
82,58.3,-134.42,Juneau,US,37.27,100,100,4.54,1603932558
83,-31.95,141.43,Broken Hill,AU,73.81,30,10,12.48,1603932559
84,60.34,102.28,Vanavara,RU,23.02,97,100,7.43,1603932560
85,26.35,127.87,Gushikawa,JP,78.01,69,75,11.01,1603932561
86,50.1,-91.92,Sioux Lookout,CA,21.56,92,90,6.13,1603932562
87,-35.33,-72.42,Constitución,CL,54.1,67,0,12.37,1603932486
88,73.51,80.55,Dikson,RU,2.88,89,0,21.74,1603932564
89,78.22,15.64,Longyearbyen,SJ,20.84,93,97,5.88,1603932566
90,51.71,46.75,Marks,RU,31.64,90,0,6.58,1603932567
91,13.22,-59.52,Bathsheba,BB,80.89,82,100,24.54,1603932568
92,-34.73,135.87,Port Lincoln,AU,60.94,66,44,21.63,1603932569
93,66.42,112.4,Udachny,RU,-12.78,88,0,1.25,1603932570
94,49.2,119.7,Hailar,CN,28.9,88,0,6.73,1603932571
95,38.69,35.55,Talas,TR,53.17,63,0,2.35,1603932573
96,49,-64.4,Riviere-au-Renard,CA,29.14,89,100,10.92,1603932336
97,-8.84,13.23,Luanda,AO,75.58,87,100,8.01,1603932575
98,38.52,-28.7,Ribeira Grande,PT,67.64,86,64,21.21,1603932576
99,-33.7,-53.46,Chui,UY,56.28,80,55,10.4,1603932578
100,19.73,-155.09,Hilo,US,71.91,83,99,1.01,1603932580
101,-20.32,118.57,Port Hedland,AU,79.97,64,0,6.76,1603932581
102,-9.67,-35.74,Maceió,BR,77.34,78,100,14.41,1603932582
103,63.73,8.83,Sistranda,NO,44.01,73,9,1.99,1603932583
104,-33.87,121.9,Esperance,AU,61.92,54,0,11.63,1603932584
105,21.35,-158.09,Makakilo City,US,82.09,62,0,11.99,1603932585
106,44.5,2.58,Arrondissement de Rodez,FR,50,98,99,1.01,1603932586
107,65.7,82.47,Krasnosel'kup,RU,-1.12,91,0,10.09,1603932589
108,64.38,-173.3,Provideniya,RU,27.18,90,100,2.48,1603932590
109,-16.92,49.58,Soanierana Ivongo,MG,70.61,89,95,5.26,1603932592
110,-22.09,-70.2,Tocopilla,CL,60.1,56,15,6.24,1603932593
111,18.22,42.51,Abhā,SA,52.48,41,0,7.85,1603932594
112,53.6,7.2,Norden,DE,48.72,88,100,8.01,1603932596
113,17.02,54.09,Salalah,OM,78.8,69,13,2.71,1603932597
114,-46.6,168.33,Bluff,NZ,59,74,72,5.99,1603932598
115,20.2,1.01,Tessalit,ML,75.36,19,0,10.18,1603932600
116,50.64,20.3,Gmina Jędrzejów,PL,48.2,87,89,3,1603932602
117,-20.52,47.25,Ambositra,MG,56.91,86,100,6.17,1603932603
118,-43.3,-65.1,Rawson,AR,48.78,56,0,5.55,1603932604
119,63.44,-20.27,Vestmannaeyjar,IS,45.73,78,45,44.02,1603932606
120,56.54,21.04,Liepāja,LV,50,93,100,4.7,1603932607
121,-22.97,-42.03,Arraial do Cabo,BR,75.25,94,4,11.01,1603932608
122,54.91,8.3,Westerland,DE,50,90,100,1.01,1603932610
123,51.38,1.39,Margate,GB,49.12,75,36,3,1603932611
124,51.96,85.95,Gorno-Altaysk,RU,27.9,96,100,7.94,1603932612
125,58.21,-6.39,Stornoway,GB,46,92,82,1.99,1603932613
126,-34.62,-68.33,San Rafael,AR,62.55,30,0,7.18,1603932615
127,50.23,-63.6,Havre-St-Pierre,CA,26.6,73,100,1.12,1603932617
128,-53.15,-70.92,Punta Arenas,CL,46,70,98,18.99,1603932618
129,37.72,-25.43,Vila Franca do Campo,PT,66,77,4,8.5,1603932619
130,-17.71,-39.25,Caravelas,BR,78.33,83,100,12.75,1603932620
131,55.74,-97.86,Thompson,CA,13.26,90,100,4.43,1603932322
132,59.62,56.77,Solikamsk,RU,33.03,94,100,8.84,1603932622
133,-24.87,113.63,Carnarvon,AU,77.2,45,34,9.1,1603932623
134,61.07,50.1,Vizinga,RU,40.46,92,100,9.48,1603932625
135,43.3,52.8,Zhangaözen,KZ,39.76,66,56,21,1603932626
136,52.27,79.17,Klyuchi,RU,26.58,91,0,9.44,1603932627
137,37.04,22.11,Kalamata,GR,58.68,93,40,4.7,1603932628
138,58.81,-122.7,Fort Nelson,CA,31.17,91,89,0.74,1603932629
139,68.53,146.42,Belaya Gora,RU,5.59,94,100,5.1,1603932633
140,13.93,41.69,Edd,ER,81.23,37,0,8.19,1603932635
141,69.45,-133.04,Tuktoyaktuk,CA,20.97,97,98,22.06,1603932636
142,68.75,161.3,Cherskiy,RU,6.26,95,93,4.56,1603932637
143,-6.98,-34.83,Cabedelo,BR,77.99,77,97,12.64,1603932639
144,-28.78,32.04,Richards Bay,ZA,76.55,60,60,18.92,1603932640
145,7.99,117.06,Balabac,PH,83.73,79,34,9.31,1603932641
146,47.17,-55.15,Marystown,CA,35.67,80,100,6.11,1603932642
147,-19.55,169.27,Isangel,VU,79.02,63,0,14.88,1603932643
148,28.02,-97.52,San Patricio,US,59.04,54,0,4.79,1603932645
149,-33.93,18.42,Cape Town,ZA,59.63,87,75,17.22,1603932550
150,-18.65,-173.98,Neiafu,TO,75.24,75,0,21.14,1603932648
151,5.41,100.34,George Town,MY,80.01,88,100,5.99,1603932633
152,10.67,122.95,Bacolod City,PH,84.11,76,0,8.55,1603932651
153,50.68,156.12,Severo-Kuril'sk,RU,44.49,80,97,8.52,1603932652
154,43.32,145.57,Nemuro,JP,53.37,72,100,27.31,1603932653
155,12.48,-16.55,Oussouye,SN,80.42,68,6,5.32,1603932655
156,-41.87,-73.82,Ancud,CL,41.38,93,69,5.99,1603932656
157,55.1,-105.28,La Ronge,CA,25.02,96,100,4.09,1603932657
158,15.44,119.9,Palauig,PH,83.16,69,100,2.28,1603932658
159,37.48,141,Namie,JP,59.38,49,0,3,1603932659
160,34.64,-120.46,Lompoc,US,66.76,17,1,12.75,1603932661
161,-37.88,147.98,Lakes Entrance,AU,67.5,59,1,3,1603932662
162,-17.88,36.89,Quelimane,MZ,68.52,91,37,2.35,1603932663
163,69.22,-51.1,Ilulissat,GL,14,61,100,5.82,1603932664
164,-33.92,25.57,Port Elizabeth,ZA,61,93,95,1.01,1603932666
165,-5.61,-78.44,La Peca,PE,75.06,67,99,2.24,1603932669
166,53.98,123.92,Skovorodino,RU,18.54,89,0,3.09,1603932670
167,47.04,-70.9,Beaupré,CA,33.69,93,91,15.99,1603932671
168,-19.9,48.8,Mahanoro,MG,70.9,89,8,5.88,1603932673
169,63.84,-22.43,Grindavik,IS,45.23,68,100,34.25,1603932676
170,50.24,127.49,Heihe,CN,32.22,88,35,10.38,1603932678
171,16.45,-85.85,Savannah Bight,HN,83.1,80,76,23.53,1603932679
172,3.57,98.96,Perbaungan,ID,79.75,77,100,3.36,1603932680
173,34.61,-98.39,Lawton,US,37,92,100,7,1603932681
174,-34.48,-54.33,Rocha,UY,55.31,72,3,12.73,1603932683
175,-38,-57.56,Mar del Plata,AR,53.67,64,0,5.01,1603932646
176,70.63,147.92,Chokurdakh,RU,-4.09,91,42,7.92,1603932685
177,-23.53,148.17,Emerald,AU,81,15,0,15.99,1603932686
178,67.45,153.68,Srednekolymsk,RU,8.82,93,67,3.62,1603932687
179,42,8.92,Arrondissement d'Ajaccio,FR,49.91,84,18,2.84,1603932688
180,42.96,17.14,Korčula,HR,50,93,0,4.7,1603932690
181,-33.02,27.91,East London,ZA,68.47,83,100,1.68,1603932691
182,7.98,49.82,Eyl,SO,77.52,76,100,1.45,1603932692
183,11.59,37.39,Bahir Dar,ET,57.33,78,0,4.14,1603932694
184,7.42,81.82,Kalmunai,LK,78.8,80,100,5.57,1603932695
185,-46.28,169.85,Kaitangata,NZ,51.01,87,93,13,1603932697
186,-1.27,104.08,Simpang,ID,80.2,82,99,4.97,1603932698
187,34.77,-84.97,Dalton,US,71.17,97,100,5.03,1603932700
188,0.23,32.31,Mpigi,UG,63.61,93,57,2.51,1603932701
189,19.93,-105.25,Tomatlán,MX,77.23,88,1,1.63,1603932702
190,60.41,57.08,Krasnovishersk,RU,34.03,93,100,8.81,1603932703
191,11.67,92.75,Port Blair,IN,81.01,77,11,3,1603932705
192,41.37,-73.41,Bethel,US,49.62,96,100,4.88,1603932706
193,49.25,-123.12,Vancouver,CA,52.57,89,100,1.99,1603932002
194,9.5,-82.62,Guabito,PA,79.11,81,100,1.28,1603932708
195,46.68,113.28,Baruun-Urt,MN,35.71,61,6,12.21,1603932710
196,-33.73,-70.75,Buin,CL,54.77,55,0,9.46,1603932711
197,-15.77,128.73,Kununurra,AU,93.11,37,0,4.41,1603932713
198,46.34,42.28,Yashalta,RU,53.82,77,100,13.69,1603932715
199,16.73,82.22,Yanam,IN,74.17,75,100,3.65,1603932716
200,37.27,28.22,Bayir,TR,59.23,85,94,8.08,1603932717
201,59.53,33.92,Senno,RU,47.82,94,100,7.07,1603932718
202,65.75,150.85,Zyryanka,RU,6.94,93,97,0.36,1603932720
203,15,-83.23,Iralaya,HN,80.29,87,0,9.06,1603932721
204,54.48,53.47,Oktyabr'skiy,RU,30.52,92,98,8.61,1603932722
205,9.51,-7.57,Odienné,CI,72.32,52,0,1.57,1603932723
206,42.16,-72.33,Palmer,US,46.35,95,100,2.84,1603932724
207,22.68,-3.98,Taoudenni,ML,80.49,17,15,13.27,1603932725
208,-29.95,-71.34,Coquimbo,CL,56.08,71,0,2.55,1603932520
209,50.37,103.29,Zakamensk,RU,30.47,84,94,2.28,1603932729
210,48.73,34.64,Petrykivka,UA,50,81,1,11.01,1603932730
211,13.7,-6.07,Markala,ML,77.04,18,0,6.11,1603932731
212,47.63,20.9,Egyek,HU,52.34,89,7,5.61,1603932732
213,-13.7,-76.22,Pisco,PE,63,86,0,14,1603932734
214,28.37,129.48,Naze,JP,72.59,70,44,7.11,1603932735
215,64.25,-15.21,Hofn,IS,44.24,81,100,26.91,1603932736
216,5.49,6.01,Ughelli,NG,75.74,93,100,2.26,1603932737
217,69.7,170.31,Pevek,RU,20.57,95,99,17.34,1603932738
218,42.96,46.12,Dyshne-Vedeno,RU,53.82,44,0,3.33,1603932739
219,-33.59,26.89,Port Alfred,ZA,67.19,84,99,0.94,1603932741
220,46.41,-105.84,Miles City,US,36.07,86,75,1.74,1603932742
221,-39.81,-73.25,Valdivia,CL,43.79,83,18,2.51,1603932453
222,51.15,8.3,Schmallenberg,DE,47.66,90,100,1.01,1603932744
223,36.03,-115.24,Enterprise,US,73.76,13,1,3.36,1603932745
224,50.72,136.63,Solnechnyy,RU,33.76,90,98,8.32,1603932746
225,-33.04,-71.63,Valparaíso,CL,53.58,78,0,16.67,1603932495
226,-4.28,-55.98,Itaituba,BR,77.72,83,52,0.51,1603932748
227,-18.25,-43.6,Diamantina,BR,68.76,83,100,1.3,1603932750
228,41.12,-100.77,North Platte,US,41.4,74,100,1.01,1603932751
229,33.08,-16.33,Camacha,PT,55.99,94,85,8.12,1603932752
230,-45.87,170.5,Dunedin,NZ,50.09,87,99,11.41,1603932681
231,-0.03,109.33,Pontianak,ID,83.34,76,0,3.8,1603932754
232,-20.74,116.85,Karratha,AU,80.91,58,1,7.02,1603932755
233,30.48,-115.95,San Quintín,MX,65.95,49,0,9.75,1603932757
234,18.73,-103.68,Coahuayana Viejo,MX,79.25,86,71,2.86,1603932758
235,20.5,-10.07,Adrar,MR,77.97,18,0,10.29,1603932759
236,14.73,0.92,Ayorou,NE,80.46,16,0,5.01,1603932760
237,56.35,78.36,Severnoye,RU,17.85,92,0,8.48,1603932761
238,21.46,-71.14,Cockburn Town,TC,82.87,75,1,21.32,1603932762
239,71.97,102.5,Khatanga,RU,-0.83,87,0,8.03,1603932763
240,17.88,-76.41,Morant Bay,JM,75.29,96,0,1.01,1603932765
241,62.88,152.43,Seymchan,RU,11.1,90,7,2.39,1603932767
242,33.49,-80.86,Orangeburg,US,74.39,84,100,4,1603932768
243,54.32,-130.32,Prince Rupert,CA,45.84,93,100,3.8,1603932507
244,39.01,-77.43,Sterling,US,63.16,94,100,4.34,1603932770
245,29.06,-13.56,Teguise,ES,63.81,89,99,15.66,1603932771
246,39.18,-84.53,Hamilton,US,51.96,87,100,4.29,1603932773
247,-28.77,114.6,Geraldton,AU,77,46,0,5.01,1603932774
248,-16.48,-151.75,Faanui,PF,79.72,80,3,15.88,1603932775
249,37.4,136.9,Wajima,JP,58.37,50,1,9.95,1603932776
250,51.5,-107.05,Outlook,CA,30.2,63,71,3.36,1603932778
251,-46.13,167.68,Tuatapere,NZ,60.01,75,51,5.01,1603932780
252,-11.55,20.78,Lumeje,AO,67.48,89,100,4.47,1603932781
253,-2.57,150.8,Kavieng,PG,84.87,66,99,5.1,1603932782
254,38.93,100.45,Zhangye,CN,48.56,40,0,7.18,1603932783
255,-40.92,-73.17,Purranque,CL,42.37,77,1,4.5,1603932750
256,63.75,-68.51,Iqaluit,CA,9.01,90,41,3.6,1603932785
257,28.23,83.98,Pokhara,NP,61.77,30,0,4.9,1603932787
258,-15.12,39.27,Nampula,MZ,69.04,95,0,0.4,1603932788
259,-22.4,-43.66,Vassouras,BR,69.01,75,8,1.9,1603932789
260,-13.2,49.05,Ambilobe,MG,71.4,81,0,4.23,1603932790
261,22.29,114.16,Hong Kong,HK,74.12,69,95,4,1603932707
262,25.36,55.4,Sharjah city,AE,75,64,0,1.01,1603932792
263,-41.15,-71.31,Bariloche,AR,34.93,86,100,6.17,1603932793
264,-5.23,-75.68,Lagunas,PE,80.92,74,35,1.28,1603932795
265,1.74,98.78,Sibolga,ID,81.9,66,100,1.59,1603932796
266,-10.45,161.92,Kirakira,SB,85.62,68,100,11.83,1603932798
267,40.6,-124.16,Fortuna,US,61.63,55,20,12.75,1603932782
268,28.66,-17.92,Los Llanos de Aridane,ES,59,80,52,9.06,1603932800
269,-11.03,-68.77,Cobija,BO,79.12,69,100,1.79,1603932801
270,0.8,127.4,Ternate,ID,82.36,66,100,1.03,1603932803
271,-25.3,152.85,Hervey Bay,AU,74.88,69,0,8.37,1603932804
272,-21.34,55.48,Saint-Pierre,RE,63.59,64,0,5.82,1603932805
273,-3.28,-39.27,Trairi,BR,78.6,81,68,10.63,1603932806
274,20.89,-156.47,Kahului,US,81,64,10,8.01,1603932807
275,61.28,108.01,Yerbogachën,RU,17.6,85,100,14.58,1603932808
276,-35.1,173.78,Kaeo,NZ,63.81,86,100,7.65,1603932809
277,-20.52,57.52,Souillac,MU,71.01,73,89,4,1603932811
278,27.98,-114.06,Guerrero Negro,MX,67.8,54,0,13.65,1603932812
279,37.84,23.78,Voula,GR,61.48,85,100,3,1603932813
280,-22.12,14.28,Henties Bay,NA,57.99,89,78,3,1603932814
281,48.55,-71.65,Alma,CA,31.96,98,100,12.66,1603932555
282,-2.02,147.27,Lorengau,PG,84.33,73,100,2.26,1603932816
283,-18.17,49.38,Toamasina,MG,71.58,86,6,6.55,1603932817
284,16.86,-99.89,Acapulco de Juárez,MX,80.67,80,41,6.26,1603932819
285,66.83,70.83,Yar-Sale,RU,9.52,88,100,17.54,1603932820
286,7.45,-5.29,Sakassou,CI,75,94,100,3.31,1603932821
287,13.03,-9.49,Kita,ML,73.04,23,95,1.34,1603932822
288,-40.81,-63,Viedma,AR,46.99,61,0,1.01,1603932823
289,22.89,-109.91,Cabo San Lucas,MX,77.5,64,64,3.87,1603932824
290,20.93,-17.03,Nouadhibou,MR,73.67,63,100,17.05,1603932825
291,-8.93,125.41,Airai,TL,74.66,55,73,3.22,1603932827
292,69.3,139.9,Deputatsky,RU,-3.64,90,87,1.28,1603932828
293,24.69,46.72,Riyadh,SA,59.07,31,0,1.97,1603932680
294,49.78,72.96,Aktas,KZ,25.74,94,100,10.6,1603932830
295,-12.35,13.55,Lobito,AO,75.92,82,86,7.99,1603932831
296,-9.11,124.89,Atambua,ID,85.93,52,52,0.96,1603932832
297,20.51,-86.95,San Miguel de Cozumel,MX,80.01,65,43,4,1603932833
298,47.67,-52.73,Torbay,CA,33.66,84,100,3.36,1603932835
299,51.03,90.23,Teeli,RU,25.56,90,98,0.22,1603932836
300,22.07,78.93,Chhindwāra,IN,65.93,62,1,1.86,1603932837
301,62.49,17.33,Timrå,SE,42.62,88,76,6.55,1603932839
302,21.32,103.9,Son La,VN,65.3,95,100,0.89,1603932840
303,39.7,113.69,Yong’an,CN,44.87,47,89,2.91,1603932842
304,62.58,6.13,Roald,NO,46,77,100,5.99,1603932843
305,38.5,102.17,Jinchang,CN,44.82,53,0,3.22,1603932844
306,40.26,40.23,Bayburt,TR,49.71,49,0,4.5,1603932845
307,61.05,25.43,Hollola,FI,46,99,100,3,1603932846
308,-33.83,148.68,Cowra,AU,60.01,70,0,1.99,1603932847
309,-10.67,-77.83,Paramonga,PE,62.92,83,96,8.52,1603932851
310,1,-52,Amapá,BR,75.58,86,88,2.89,1603932853
311,8.87,5.42,Lafiagi,NG,77.04,51,0,1.59,1603932854
312,60.55,-151.26,Kenai,US,33.58,85,0,3,1603932855
313,29.7,-91.21,Morgan City,US,73.99,93,100,4,1603932636
314,-18.37,26.5,Hwange,ZW,72.37,35,0,3.42,1603932858
315,-22.45,18.97,Gobabis,NA,69.94,48,55,7.31,1603932859
316,20.7,-105.2,Ixtapa,MX,76.93,84,38,0.72,1603932860
317,46.09,3.45,Hauterive,FR,53.04,81,100,14,1603932861
318,-28.77,114.6,Geraldton,AU,77,46,0,5.01,1603932774
319,25.29,51.53,Doha,QA,75.99,61,0,7.31,1603932855
320,41.76,86.15,Korla,CN,45.84,53,100,12.97,1603932864
321,35.13,140.3,Katsuura,JP,66.76,52,0,1.99,1603932866
322,-30.18,-50.21,Cidreira,BR,65.55,88,0,4.56,1603932867
323,7.71,81.69,Batticaloa,LK,78.49,82,100,7.02,1603932757
324,53.19,158.38,Yelizovo,RU,39.36,85,98,1.79,1603932869
325,41.96,42.96,Khani,GE,61.34,32,100,5.01,1603932870
326,31.61,34.76,Kiryat Gat,IL,71.28,100,25,5.82,1603932871
327,60.92,-46.05,Narsaq,GL,31.6,90,100,1.57,1603932872
328,68.05,39.51,Ostrovnoy,RU,39.52,88,99,18.14,1603932874
329,41.22,31.96,Devrek,TR,59.43,69,0,3.6,1603932875
330,40.8,-124.16,Eureka,US,61,45,0,1.01,1603932876
331,-37.83,140.77,Mount Gambier,AU,55.47,87,100,4.21,1603932877
332,65.58,-171,Lavrentiya,RU,27.39,87,100,3.06,1603932878
333,46.43,26.4,Asău,RO,48,95,73,4.38,1603932879
334,32.69,128.84,Fukuechō,JP,68.95,56,80,9.35,1603932880
335,45.68,-111.04,Bozeman,US,38.66,74,75,4.7,1603932656
336,12.18,125.51,San Policarpo,PH,84.11,74,100,11.56,1603932883
337,52.62,81.23,Romanovo,RU,24.33,93,98,10.83,1603932884
338,66.71,27.43,Kemijärvi,FI,41.32,94,100,6.87,1603932885
339,43.4,3.7,Sète,FR,55,87,3,11.03,1603932886
340,4.14,96.13,Meulaboh,ID,78.13,79,100,4.27,1603932887
341,-26.65,15.16,Lüderitz,NA,59.56,69,100,14.5,1603932888
342,9.6,105.98,Soc Trang,VN,78.31,88,100,5.39,1603932845
343,2.67,72.89,Kudahuvadhoo,MV,82.56,78,97,11.7,1603932891
344,-3.41,-39.03,Paracuru,BR,80.01,75,43,21.99,1603932892
345,-3.37,135.48,Nabire,ID,87.62,55,39,4.16,1603932889
346,16.78,80.85,Nūzvīd,IN,73.18,78,76,2.08,1603932894
347,48.01,91.64,Khovd,MN,31.82,83,0,5.66,1603932686
348,24.34,124.16,Ishigaki,JP,78.06,73,100,17.43,1603932896
349,-13.54,23.1,Zambezi,ZM,65.5,90,14,4.36,1603932897
350,37.73,-25.67,Ponta Delgada,PT,66,78,1,12.1,1603932899
351,64.5,-165.41,Nome,US,31.3,78,71,3,1603932900
352,22.28,113.57,Zhuhai,CN,74.61,10,100,12.82,1603932901
353,63.83,20.26,Umeå,SE,42.84,93,24,13.06,1603932903
354,36.21,58.8,Neyshabur,IR,41.81,61,0,2.48,1603932904
355,-20.73,139.5,Mount Isa,AU,82.53,14,0,10.38,1603932808
356,52.38,41.68,Satinka,RU,33.28,85,0,7.45,1603932906
357,41.39,2.16,Barcelona,ES,60.04,98,0,5.48,1603932753
358,62.67,135.6,Khandyga,RU,13.37,94,100,3,1603932908
359,20.88,-156.68,Lahaina,US,81,64,2,8.01,1603932911
360,-4.94,122.53,Katobu,ID,89.1,51,15,5.12,1603932912
361,42.34,78.01,Kyzyl-Suu,KG,32.95,90,100,8.28,1603932913
362,9.97,98.63,Ranong,TH,78.78,86,100,11.34,1603932914
363,28.07,95.33,Pāsighāt,IN,70.74,53,0,3.31,1603932915
364,-36.31,-57.68,Dolores,AR,48.13,90,0,7.99,1603932917
365,47.87,88.12,Altay,CN,30.47,91,100,1.07,1603932918
366,-21.37,55.62,Saint-Joseph,RE,63.59,64,0,5.82,1603932919
367,-3.8,102.27,Bengkulu,ID,79.45,75,100,3.42,1603932729
368,-15.2,12.15,Mossamedes,AO,69.42,84,25,3.27,1603932921
369,-21.64,-41.05,São João da Barra,BR,76.71,91,0,19.37,1603932922
370,53.6,91.39,Belyy Yar,RU,32.31,89,95,14.72,1603932923
371,37.7,-121.94,Dublin,US,68.72,32,0,2.93,1603932796
372,39.48,-88.37,Mattoon,US,48.33,86,100,5.01,1603932926
373,-21.34,55.48,Saint-Pierre,RE,63.59,64,0,5.82,1603932805
374,9.86,-66.38,Altagracia de Orituco,VE,71.85,94,76,3.98,1603932929
375,37.25,55.17,Gonbad-e Kāvūs,IR,61.39,70,100,2.46,1603932930
376,41,-115.5,Elko,US,48,29,0,3,1603932931
377,32.67,-97.46,Benbrook,US,44.31,81,75,6.93,1603932933
378,45.52,-122.68,Portland,US,59.34,72,22,0.6,1603932672
379,-18.72,-47.5,Monte Carmelo,BR,71.73,81,100,4.12,1603932935
380,-20.46,-66.83,Uyuni,BO,48,41,0,12.19,1603932936
381,25.29,51.53,Doha,QA,75.99,61,0,7.31,1603932855
382,42.54,129,Helong,CN,40.03,57,0,7.9,1603932938
383,46.95,24.05,Ţaga,RO,46,100,78,5.01,1603932940
384,26.59,12.78,Ubari,LY,61.79,45,0,9.53,1603932941
385,-3.75,-73.25,Iquitos,PE,79.11,85,50,2.28,1603932942
386,37.27,-87.18,Morehead,US,57.56,99,100,9.55,1603932943
387,-7.95,110.28,Bambanglipuro,ID,79.74,81,90,1.32,1603932846
388,33.19,-82.53,Avera,US,74.66,89,100,12.84,1603932945
389,14.16,38.9,Adwa,ET,56.88,55,0,5.75,1603932947
390,42.87,-97.4,Yankton,US,34.25,93,19,9.24,1603932948
391,20.52,-13.05,Atar,MR,80.08,22,100,9.24,1603932949
392,12.55,77.42,Kānkānhalli,IN,65.44,84,40,2.46,1603932950
393,0.52,25.2,Kisangani,CD,67.73,98,100,2.28,1603932951
394,52.29,17.87,Słupca,PL,46.99,89,100,8.14,1603932952
395,8.08,77.57,Kanniyākumāri,IN,79.57,76,8,3.49,1603932800
396,57.8,158.67,Tigil',RU,39.7,68,0,9.13,1603932955
397,29.04,114.56,Yining,CN,59.85,86,98,1.57,1603932956
398,-20.33,-40.29,Vila Velha,BR,81.03,83,56,14.07,1603932958
399,71.69,128.87,Tiksi,RU,0.34,90,98,15.3,1603932959
400,57.05,-3.04,Ballater,GB,40.78,89,42,6.58,1603932960
401,7.77,-72.22,San Cristobal,VE,67.75,85,98,1.23,1603932962
402,24.33,93.67,Churāchāndpur,IN,66.27,94,13,1.68,1603932963
403,-0.22,20.87,Boende,CD,69.51,97,100,3.76,1603932964
404,38.48,47.07,Ahar,IR,49.84,56,0,2.77,1603932965
405,-22.92,-42.51,Saquarema,BR,75.06,91,1,1.28,1603932966
406,60,17.75,Uppsala County,SE,43,93,0,1.99,1603932967
407,9.92,8.9,Jos,NG,66.33,38,30,0.94,1603932917
408,40.75,-86.36,Logansport,US,45,84,100,1.01,1603932970
409,18.39,42.45,Faya,SA,50.04,45,0,5.12,1603932971
410,-5.79,-35.21,Natal,BR,77.86,74,72,9.24,1603932809
411,70.47,-68.59,Clyde River,CA,15.46,90,100,6.42,1603932973
412,32,-102.08,Midland,US,44.01,58,2,5.01,1603932974
413,-6.82,30.44,Karema,TZ,76.17,65,100,5.66,1603932975
414,38.23,139.48,Murakami,JP,57.25,61,7,15.5,1603932977
415,-36.83,175.7,Whitianga,NZ,65.25,68,97,9.08,1603932978
416,-2.27,40.9,Lamu,KE,78.8,83,1,5.82,1603932979
417,-11.01,-37.21,São Cristóvão,BR,76.35,83,100,10.67,1603932981
418,25.29,32.55,Esna,EG,75.24,43,0,6.35,1603932982
419,-38.27,141.97,Codrington,AU,57.99,70,100,8.99,1603932983
420,-17.73,-149.15,Tautira,PF,75,94,0,17,1603932985
421,4.42,-7.35,Tabou,CI,77.76,87,99,5.14,1603932986
422,-15.89,-52.26,Barra do Garças,BR,74.26,85,100,3.96,1603932987
423,-19.06,-169.92,Alofi,NU,73.65,78,15,22.44,1603932988
424,-38.65,178,Gisborne,NZ,62.01,81,100,1.99,1603932989
425,24.62,93.88,Mayāng Imphāl,IN,67.17,90,13,1.83,1603932990
426,-6.42,20.8,Tshikapa,CD,71.11,94,92,2.08,1603932963
427,67.8,130.41,Batagay-Alyta,RU,2.07,84,92,2.77,1603932993
428,67.67,12.69,Sørland,NO,45.28,74,0,15.57,1603932994
429,-44.7,169.15,Wanaka,NZ,63.07,66,85,3.94,1603932995
430,13.77,109.23,Qui Nhon,VN,79.79,74,1,2.82,1603932996
431,42.27,42.07,Senaki,GE,68.16,39,79,17.38,1603932997
432,3.04,29.54,Watsa,CD,64.27,100,92,1.52,1603932999
433,35.15,-114.57,Bullhead City,US,75.2,12,1,4.7,1603933001
434,8.57,81.23,Trincomalee,LK,78.4,81,76,9.48,1603933002
435,4.93,-52.33,Cayenne,GF,80.56,85,69,10.76,1603932846
436,14.9,-24.5,São Filipe,CV,79.83,78,0,3.18,1603933004
437,-7.61,-72.9,Mâncio Lima,BR,80.92,68,15,2.55,1603933005
438,46.42,3.91,Saint-François,FR,54,81,100,14,1603933006
439,-15.72,46.32,Mahajanga,MG,76.69,63,0,12.57,1603933007
440,61.95,159.23,Evensk,RU,26.53,78,0,5.48,1603933009
441,66.32,-179.17,Egvekinot,RU,16.59,88,7,4.79,1603933010
442,-21.69,165.68,Moindou,NC,80.87,53,44,6.91,1603933011
443,40.16,-8.33,Lata,PT,51.21,94,0,2.15,1603933012
444,62.16,-7.17,Vestmanna,FO,45.21,88,80,12.3,1603933013
445,17.42,121.44,Tabuk,PH,79.81,78,100,2.21,1603933014
446,46.38,-82.63,Elliot Lake,CA,35.6,95,100,6.67,1603933016
447,16.36,119.86,Balingasay,PH,81.82,76,100,6.35,1603933017
448,36.56,104.21,Baiyin,CN,45,78,0,2.62,1603933018
449,-0.72,8.78,Port-Gentil,GA,78.67,86,79,8.86,1603933019
450,-22.28,44.52,Ankazoabo,MG,73.47,55,0,8.95,1603933020
451,43.44,13.66,Porto Recanati,IT,51.93,69,0,5.08,1603933022
452,3.87,-67.92,Inírida,CO,77.11,90,80,1.61,1603933023
453,64.18,-51.72,Nuuk,GL,21,79,100,5.01,1603933024
454,67.57,30.48,Kovdor,RU,39.04,92,100,9.82,1603933025
455,43.15,-77.62,Rochester,US,45.5,89,100,10.85,1603933026
456,45.32,55.2,Beyneu,KZ,35.78,86,99,12.37,1603933027
457,-0.88,131.25,Sorong,ID,77.45,85,100,7.67,1603933028
458,12.63,80.17,Mahabalipuram,IN,77.83,73,99,11.25,1603933030
459,53.12,34.99,Karachev,RU,39.54,91,0,6.24,1603933031
460,25.78,87.47,Purnia,IN,72.7,73,0,3.24,1603933032
461,26.18,127.76,Nishihara,JP,78.01,69,87,11.01,1603933033
462,21.57,74.22,Taloda,IN,73.63,45,0,3.76,1603933034
463,-37.62,-73.65,Lebu,CL,49.35,74,0,19.89,1603933035
464,-5.32,119.37,Galesong,ID,85.21,63,8,2.95,1603933036
465,35.17,-2.93,Nador,MA,61.45,59,14,1.88,1603933038
466,-19.67,22.27,Nokaneng,BW,76.69,22,0,10.56,1603933039
467,45.62,-94.21,Sartell,US,38.48,79,87,1.99,1603932936
468,13.28,-88.55,Puerto El Triunfo,SV,79.61,82,100,2.68,1603933041
469,-3.46,-44.87,Vitória do Mearim,BR,77.94,83,12,5.44,1603933042
470,15.75,-84.48,Brus Laguna,HN,75.69,96,4,1.48,1603933043
471,50.7,-127.42,Port Hardy,CA,52.95,93,100,7.96,1603933003
472,50.27,85.61,Ust'-Koksa,RU,23.95,92,99,2.06,1603933046
473,69.49,88.4,Talnakh,RU,-0.42,74,0,5.99,1603933047
474,37.32,-8.8,Aljezur,PT,61.57,88,0,4.34,1603933049
475,46.13,19.33,Bácsalmás,HU,52.72,86,95,1.59,1603933050
476,59.37,41.03,Shuyskoye,RU,43.23,92,97,6.35,1603933051
477,22.81,115.83,Jieshi,CN,75.99,79,100,16.71,1603933052
478,-26.77,-48.65,Penha,BR,66.99,92,0,3.27,1603933054
479,46.79,48.01,Aksarayskiy,RU,45.12,58,77,13.89,1603933055
480,38.51,68.23,Tursunzoda,TJ,41,60,0,2.24,1603933056
481,60.47,166.1,Tilichiki,RU,26.26,87,0,5.53,1603933057
482,35.52,139.72,Kawasaki,JP,66.11,67,0,11.01,1603932987
483,-45.58,-72.07,Coyhaique,CL,37.83,85,33,6.55,1603933041
484,58.69,99.18,Kodinsk,RU,27.61,97,98,4.83,1603933062
485,5.95,80.54,Matara,LK,77.18,88,91,5.7,1603933063
486,-20.58,17.43,Okakarara,NA,71.47,46,70,5.86,1603933064
487,49.6,117.43,Manzhouli,CN,31.93,85,0,7.47,1603933066
488,26.12,127.67,Itoman,JP,78.01,69,91,11.01,1603933067
489,47.67,-122.12,Redmond,US,52.29,90,0,1.34,1603932831
490,-12.73,45.2,Koungou,YT,77,83,0,2.24,1603933047
491,9.28,12.47,Jimeta,NG,76.77,38,5,2.53,1603933071
492,65.99,57.53,Usinsk,RU,36.91,98,100,14.61,1603933072
493,58.01,114.28,Balakhninskiy,RU,17.1,92,100,3.78,1603933074
494,-4.58,-81.27,Talara,PE,65.17,86,100,17.25,1603933075
495,-4.97,39.83,Micheweni,TZ,76.62,82,71,8.9,1603933076
496,-23.7,133.88,Alice Springs,AU,89.29,12,0,14.58,1603932976
497,54.1,77.66,Bagan,RU,23.45,95,0,9.98,1603933079
498,21.78,87.75,Contai,IN,68.45,72,0,8.86,1603933080
499,-20.23,164.02,Poum,NC,77.52,74,0,20.4,1603933081
500,-8.65,115.22,Denpasar,ID,83.39,75,10,8.48,1603933082
501,50.2,-66.38,Sept-Îles,CA,30.06,74,100,3.36,1603932820
502,64.57,143.2,Ust-Nera,RU,9.05,78,100,1.5,1603933086
503,67.54,133.38,Verkhoyansk,RU,3.85,92,100,1.66,1603933087
504,11.42,-7.48,Bougouni,ML,73.27,37,20,1.88,1603933088
505,56.91,118.26,Chara,RU,8.94,89,0,0.89,1603933089
506,-10.62,150.67,Samarai,PG,82.09,75,95,4.83,1603933090
507,39.05,-27.98,Lagoa,PT,65.98,79,1,11.79,1603933062
508,14.55,-60.84,Le Vauclin,MQ,77,45,100,23.76,1603933095
509,15.74,-96.47,Pochutla,MX,80.01,89,73,0.92,1603933096
510,46.83,35.75,Novovasylivka,UA,51.64,88,98,8.95,1603933097
511,-15.43,-74.62,Acarí,PE,65.61,68,39,4.59,1603933098
512,58.38,97.45,Boguchany,RU,30.43,94,100,7.7,1603933100
513,40.5,141.5,Hachinohe,JP,52,77,0,5.99,1603933101
514,46.49,135.88,Vostok,RU,29.79,98,100,10.45,1603933102
515,34.98,139.87,Tateyama,JP,69.51,51,0,8.01,1603933103
516,-22.67,167.48,Vao,NC,72.9,75,0,16.46,1603933104
517,40.78,-73.97,Manhattan,US,56.57,100,100,7.7,1603932933
518,-32.03,-52.1,Rio Grande,BR,66,96,89,11.3,1603932962
519,10.15,-85.45,Nicoya,CR,77.16,89,100,1.45,1603933108
520,-45.42,167.72,Te Anau,NZ,65.5,56,13,2.26,1603933109
521,-25.4,-70.48,Taltal,CL,57.7,69,23,4.72,1603933110
522,-20.21,57.76,Quatre Cocos,MU,71.01,73,26,1.99,1603932906
523,24.7,-77.77,Andros Town,BS,82.44,78,0,16.82,1603933112
524,32.98,-115.53,Brawley,US,66.52,23,0,2.62,1603933032
525,-24.85,152.35,Bundaberg,AU,80.96,50,0,7.31,1603933114
526,30.57,79.57,Joshīmath,IN,46.18,35,0,2.91,1603933028
527,33.98,51.44,Kashan,IR,53.47,42,16,2.75,1603933117
528,42.25,-75.83,Broome,US,41.74,100,96,4.47,1603933097
529,-31.54,-68.54,San Juan,AR,61.86,34,0,10.2,1603932928
530,59.7,150.17,Arman',RU,32.38,82,100,3.67,1603933121
531,37.1,-113.58,Saint George,US,58.32,16,1,10.29,1603933035
532,37.04,27.43,Bodrum,TR,68.14,70,3,8.86,1603933125
533,22.57,59.53,Sur,OM,69.82,61,0,3.69,1603933127
534,-5.57,-46.74,Amarante do Maranhão,BR,75,88,89,3.31,1603933128
535,0.53,72.93,Thinadhoo,MV,83.16,74,0,11.07,1603933129
536,68.56,14.91,Stokmarknes,NO,35.73,85,0,3,1603933130
537,19.75,10.25,Agadez,NE,69.42,21,0,5.44,1603933132
538,-38.47,176.7,Murupara,NZ,64.18,80,100,3,1603933133
539,26.54,-77.06,Marsh Harbour,BS,81.16,79,6,15.3,1603933134
540,29.03,21.55,Jalu,LY,63.12,70,0,7.67,1603933135
541,57.39,21.56,Ventspils,LV,51.4,87,100,13.85,1603933136
542,-2.39,40.44,Witu,KE,78.8,83,1,5.82,1603933137
543,31.34,69.45,Zhob,PK,48.22,41,0,0.98,1603933138
544,-34.65,-58.62,Morón,AR,54.81,94,0,7.4,1603933030
545,55.65,109.32,Severobaykal'sk,RU,32.61,90,100,1.72,1603933141
546,54.17,93.3,Koshurnikovo,RU,28.04,98,100,5.79,1603933142
547,26.59,101.71,Panzhihua,CN,68.85,76,49,0.67,1603933143
548,35.9,117.75,Xintai,CN,55.56,44,100,3.76,1603933144
549,60.72,-46.03,Qaqortoq,GL,31.51,94,100,5.19,1603933145
550,11.28,49.18,Bosaso,SO,76.73,69,36,3.15,1603933146
551,42.78,-9.06,Muros,ES,55,95,49,3,1603933150
552,33.67,-95.58,Lamar,US,43,93,16,1.01,1603933151
553,13.84,-90.02,San Francisco Menéndez,SV,75.97,86,100,1.03,1603933152
554,18.8,110.4,Wanning,CN,79.57,88,70,16.69,1603933153
555,56.94,47.25,Sanchursk,RU,31.01,95,27,8.21,1603933154
556,58.16,28.19,Seredka,RU,49.24,94,60,9.04,1603933157
557,35.37,132.77,Izumo,JP,63.5,56,35,6.46,1603933158
558,-17.07,15.73,Ondjiva,AO,66.85,59,0,6.96,1603933159
559,41.49,12.62,Anzio,IT,53.33,73,0,4,1603933160
560,44.77,-117.83,Baker City,US,50.79,55,0,3,1603933161
561,33.64,42.83,Hīt,IQ,65.34,26,70,2.3,1603933016
562,18.18,-101.62,Tres Palos,MX,73.4,91,25,2.46,1603933165
563,34.04,-5,Fes,MA,63.32,52,0,2.77,1603933166
564,34.67,138.95,Shimoda,JP,64.99,65,0,1.01,1603933007
565,1.49,124.85,Manado,ID,82.44,68,100,4.25,1603933168
566,49.12,-68.4,Chute-aux-Outardes,CA,30.99,15,100,13.67,1603933169
567,37.1,-4.39,Archidona,ES,58.66,71,44,2.89,1603933170
568,27.23,111.45,Shaoyang,CN,60.12,72,100,1.77,1603933172
569,60.4,-1.35,Brae,GB,48.04,84,84,6.91,1603933173
570,14.35,3.32,Filingué,NE,80.92,16,0,3.29,1603933174
571,37.38,55.49,Kalāleh,IR,62.06,48,94,1.9,1603933175
572,46.62,10.7,Laas,IT,41.97,100,100,2.06,1603933003
573,43.73,15.91,Šibenik,HR,55.13,82,0,3.36,1603933177
574,-20.19,32.62,Chipinge,ZW,58.42,54,0,5.06,1603933180
575,37.55,-77.33,Highland Springs,US,68.47,96,100,6.78,1603933181
576,-8.77,160.7,Auki,SB,84.6,69,100,2.73,1603933051
577,60.75,42.05,Verkhovazh'ye,RU,43.63,95,100,6.13,1603933183
578,41.21,9.41,La Maddalena,IT,62.87,76,0,23.85,1603933184
579,-1.57,9.26,Omboué,GA,75.61,92,99,4.29,1603933186
580,18.28,-70.33,Baní,DO,79,83,0,3,1603933188
581,16.17,-95.2,Salina Cruz,MX,79.81,81,100,3.44,1603933189
582,14.2,43.32,Zabid,YE,79.23,58,0,3.04,1603933190
583,4.87,-2.24,Esim,GH,77.02,89,23,5.75,1603933191
584,-8.1,156.84,Gizo Government Station,SB,84.18,76,100,10.63,1603933192
585,31.5,34.47,Gaza,PS,71.17,100,46,6.93,1603933193
586,16.64,1.64,Gao,ML,79.39,15,0,6.98,1603933195
587,6.45,-10.61,Bensonville,LR,75.34,95,100,2.48,1603933196
588,-0.91,122.88,Biak,ID,83.44,64,59,3.85,1603933197
589,43.75,-81.72,Goderich,CA,49.05,71,100,17.85,1603933198
590,53.86,13.69,Anklam,DE,46,92,100,1.01,1603933199
591,61.22,-149.9,Anchorage,US,27.63,88,24,5.41,1603933007
592,41.14,-104.82,Cheyenne,US,35.67,75,0,8.01,1603933202
593,7.04,134.26,Kloulklubed,PW,84.51,74,21,11.97,1603933057
594,38.73,-27.07,Praia da Vitória,PT,66.99,89,90,5.99,1603933207
595,16.52,-98.75,Barra de Tecoanapa,MX,81.09,81,30,6.2,1603933208
596,43.41,-124.22,North Bend,US,59.61,10,0,1.99,1603933209
597,-3.45,104.25,Prabumulih,ID,79.88,84,100,1.19,1603933211
598,-2.76,-42.27,Tutóia,BR,80.96,78,1,13.49,1603933212
599,-0.41,-65.02,Santa Isabel Rio Negro,BR,80.44,73,100,0.49,1603933214
600,-0.61,-47.36,Salinópolis,BR,80.56,80,69,12.17,1603933215
601,40.81,111.65,Hohhot,CN,42.37,52,13,4.63,1603933217
602,53.47,43.55,Verkhniy Lomov,RU,30.87,90,0,7.23,1603933218
603,7.92,98.33,Kathu,TH,82.08,69,100,15.59,1603933219
604,20.13,-90.18,Pomuch,MX,77.18,86,100,2.66,1603933221
605,45.02,-93.22,Saint Anthony,US,41.45,97,1,4.7,1603933222
606,-6.22,-57.75,Jacareacanga,BR,79.81,74,100,1.28,1603933223
607,43.21,-75.46,Rome,US,39.36,93,1,3.36,1603933224
608,0.54,123.06,Gorontalo,ID,84.92,66,100,1.66,1603933226
609,4.38,-7.72,Harper,LR,77.72,87,96,5.79,1603933227
610,67.47,78.7,Tazovsky,RU,-3.69,87,0,5.7,1603933014
611,9.17,35.83,Gimbi,ET,55.04,97,0,2.17,1603933230
612,70.98,25.97,Honningsvåg,NO,39.69,76,73,13.82,1603933231
613,60.06,71.48,Salym,RU,16.59,93,100,5.86,1603933233
614,13.05,3.19,Dosso,NE,77.22,19,0,4.27,1603933234
615,-41.77,-73.13,Calbuco,CL,49.59,66,21,11.32,1603932966
616,-2.92,-39.92,Itarema,BR,78.39,81,16,13.06,1603933236
617,-0.95,-80.73,Manta,EC,71.96,84,100,11.05,1603933237
618,10.52,119.93,Osmeña,PH,83.88,73,0,6.08,1603933239
619,-16.92,145.77,Cairns,AU,91,58,0,4,1603933203
620,38.98,117.38,Xianshuigu,CN,57.07,32,100,3.94,1603933241
621,9.6,77.97,Virudunagar,IN,78.13,79,48,4.94,1603933242
622,32.67,-17.1,Ponta do Sol,PT,59.95,66,65,1.99,1603933243
623,18.04,-77.51,Mandeville,JM,69.58,98,0,1.79,1603933052
624,54.11,13.04,Grimmen,DE,46,92,100,1.01,1603933246
625,42.87,73.18,Merke,KZ,31.84,86,0,0.74,1603933247
626,39.6,-110.81,Price,US,48.99,28,0,4.79,1603933248
627,-2.67,141.3,Vanimo,PG,88.45,60,100,2.04,1603933064
628,-16.52,-151.75,Vaitape,PF,80.56,78,2,15.86,1603933250
629,19.01,72.85,Mumbai,IN,79.88,66,0,5.55,1603933164
630,39.27,141.88,Kamaishi,JP,56.79,56,0,13.06,1603933253
631,-18.56,-51.13,Caçu,BR,75.07,76,93,6.67,1603933254
632,32.97,117.2,Huaiyuan,CN,61.59,70,96,6.8,1603933255
633,2.3,111.82,Sibu,MY,75,83,76,11.99,1603933047
634,-2.65,10,Gamba,GA,75.99,91,81,3.6,1603933257
635,50.99,6.57,Bedburg,DE,50.74,84,100,3,1603933259
636,-10.13,-36.18,Coruripe,BR,76.64,80,100,14.88,1603933260
637,5.84,118.12,Sandakan,MY,75,10,100,1.99,1603933133
638,55.93,23.32,Šiauliai,LT,48.2,93,90,6.93,1603933146
639,9.42,-84.17,Quepos,CR,69.35,89,100,1.99,1603933253
640,8,124.29,Marawi,PH,82.99,72,93,1.99,1603933266
641,48.93,-125.55,Ucluelet,CA,53.85,100,90,5.21,1603933052
642,42.37,-71.18,Watertown,US,45.48,89,100,1.01,1603933268
643,-8.27,-72.74,Porto Walter,BR,81.64,65,52,2.48,1603933269
644,7.11,5.12,Idanre,NG,72.37,96,100,1.12,1603933271
645,37.95,27.37,Selçuk,TR,59.22,89,57,3.67,1603933273
646,-2.15,-56.09,Juruti,BR,81.77,66,7,4.45,1603933275
647,-22.39,-44.97,Passa Quatro,BR,65.97,68,0,0.85,1603933276
648,24.47,54.37,Abu Dhabi,AE,81.36,58,0,9.73,1603933088
649,70.86,29.09,Berlevåg,NO,36.99,90,100,11.43,1603933279
650,-16.12,23.27,Senanga,ZM,69.39,62,1,2.17,1603933280
651,-35.72,150.18,Batemans Bay,AU,63.27,74,31,1.99,1603933281
652,66.15,-65.71,Pangnirtung,CA,8.74,80,45,4.5,1603933282
653,65.37,58.04,Synya,RU,39.2,94,100,10.87,1603933283
654,36.98,38.42,Suruç,TR,67.41,24,84,5.77,1603933285
655,16.78,94.73,Pathein,MM,76.95,89,100,4.27,1603933287
656,51.03,-4.22,Northam,GB,52.3,90,100,8.01,1603933288
657,-26.58,18.13,Keetmanshoop,NA,64.71,30,100,13.87,1603933289
658,49.84,36.55,Novopokrovka,UA,46,65,0,8.99,1603933290
659,-35.28,149.13,Canberra,AU,64.53,64,7,1.01,1603933091
660,22.33,-79.24,Yaguajay,CU,78.51,87,0,10.94,1603933292
661,64.56,39.83,Severodvinsk,RU,43.23,85,48,11.86,1603933294
662,-9.66,20.39,Saurimo,AO,64.53,97,100,1.63,1603933296
663,-6.05,26.92,Kabalo,CD,69.39,93,68,2.82,1603933297
664,4.26,18.42,Bimbo,CF,69.8,94,40,4.7,1603933298
665,37.46,-122.43,Half Moon Bay,US,62.38,68,1,3.36,1603933299
666,9.49,50.81,Bandarbeyla,SO,77.14,86,0,3.83,1603933300
667,-12.02,17.48,Camacupa,AO,64.31,93,100,3.18,1603933302
668,10.57,72.64,Kavaratti,IN,81.72,73,24,5.66,1603933023
669,6.62,73.07,Kulhudhuffushi,MV,82.53,73,13,7.58,1603933304
670,37.33,-87.5,Madisonville,US,57.97,99,100,10.09,1603933059
671,60.75,-137.51,Haines Junction,CA,32,94,100,1.12,1603933306
672,11.05,124.01,Bogo,PH,84.72,72,0,8.63,1603933307
673,-22,15.6,Usakos,NA,61.72,41,100,2.75,1603933309
674,-24.71,-47.56,Iguape,BR,73.06,82,0,8.03,1603933262
675,52.5,73.1,Bestöbe,KZ,29.95,95,100,12.75,1603933311
676,32.35,-90.88,Vicksburg,US,74.82,88,75,9.17,1603933207
677,65.42,-52.9,Maniitsoq,GL,21.94,84,79,3.36,1603933313
678,31.58,-90.44,Brookhaven,US,73.99,96,100,9.28,1603933314
679,-35.66,-63.76,General Pico,AR,55.56,39,41,7.83,1603933315
680,-8.19,114.97,Banjar,ID,88.54,55,23,0.94,1603933317
681,4.05,38.3,Mēga,ET,60.12,96,67,6.62,1603933318
682,59.33,66.02,Mortka,RU,32.09,97,99,7.99,1603933319
683,30.42,-9.6,Santa Cruz,MA,71.85,44,100,3.85,1603933273
684,39.23,106.34,Shitanjing,CN,42.58,53,0,4.72,1603933321
685,34.43,116.59,Tangzhai,CN,61,71,100,3.27,1603933322
686,60.38,92.63,Teya,RU,19.29,94,100,11.12,1603933324
687,55.17,-118.8,Grande Prairie,CA,35.02,86,7,2.28,1603933201
688,54.01,103.05,Balagansk,RU,33.71,91,95,6.53,1603933326
689,48.6,-93.4,Fort Frances,CA,27.39,76,93,5.99,1603933327
690,68.05,166.44,Bilibino,RU,0.28,87,41,0.49,1603933328
691,15.06,43.29,Bajil,YE,80.82,59,0,1.9,1603933329
692,-6.32,155.48,Panguna,PG,79.75,78,96,1.07,1603933105
693,54.72,158.62,Mil'kovo,RU,34.52,90,96,3.04,1603933332
694,67.1,15.39,Rognan,NO,32.97,89,45,4.03,1603933333
695,-22.96,14.51,Walvis Bay,NA,57,89,54,5.01,1603933334
696,53.88,67.42,Sergeevka,KZ,32.49,92,98,12.75,1603933335
697,-18.37,21.85,Shakawe,BW,72.84,36,40,5.01,1603933336
698,-13.59,24.2,Kabompo,ZM,64.24,85,13,1.07,1603933337
699,29.27,82.18,Jumla,NP,42.53,50,0,4.99,1603933270
700,-21.15,149.2,Mackay,AU,89.01,23,0,6.26,1603933340
701,38.36,-98.76,Great Bend,US,42.98,80,90,4.68,1603933341
702,52.72,56.62,Mrakovo,RU,30.29,91,26,1.99,1603933342
703,42.19,45.96,Kidero,RU,40.96,64,0,0.6,1603933343
704,46.92,3.33,Arrondissement de Nevers,FR,55,91,100,3,1603933344
705,37.98,-0.68,Torrevieja,ES,58.59,64,0,3.15,1603933118
706,24.09,32.91,Aswān,EG,76.8,21,0,7.34,1603933346
707,-2.89,-40.12,Acaraú,BR,78.42,82,21,14.52,1603933348
708,32.08,34.78,Tel Aviv-Yafo,IL,73.94,85,83,6.93,1603933349
709,69.38,178.42,Leningradskiy,RU,19.08,90,91,11.5,1603933350
710,29.82,113.46,Honghu,CN,60.57,73,31,4.34,1603933351
711,30.42,103.46,Linqiong,CN,62.01,68,0,2.53,1603933139
712,42.8,93.45,Kumul,CN,44.44,51,91,7.45,1603933353
713,41.87,-103.67,Scottsbluff,US,34.95,86,0,7.74,1603933069
714,50.03,-66.87,Port-Cartier,CA,30.06,74,100,3.36,1603933355
715,48.12,-123.43,Port Angeles,US,51.6,90,95,3.58,1603933274
716,-38.55,-58.74,Necochea,AR,53.01,77,22,11.99,1603933359
717,60.9,131.96,Amga,RU,8.62,92,100,3.62,1603933361
718,65.97,-18.53,Dalvik,IS,41,87,20,6.93,1603933362
719,-8.16,-70.35,Feijó,BR,81.64,68,98,2.68,1603933363
720,-18.06,13.84,Opuwo,NA,61.07,38,63,1.81,1603933365
721,14.69,-17.44,Dakar,SN,84.72,59,0,10.94,1603933366
722,60.42,134.53,Ust-Maya,RU,10.78,93,100,3.44,1603933367
723,62.22,135.8,Dzhebariki-Khaya,RU,13.71,94,100,3.8,1603933369
724,-7.48,-78.82,Cascas,PE,65.46,66,100,2.01,1603933370
725,49.75,-77.63,Matagami,CA,25.88,97,99,9.26,1603933371
726,58.57,5.7,Vigrestad,NO,43.34,95,85,8.5,1603933373
727,18.01,-65.9,Maunabo,PR,76.96,94,9,10.69,1603933374
728,47.98,35.91,Novomykolayivka,UA,48,87,63,7,1603933375
729,16.57,104.75,Savannakhet,LA,71.15,96,100,5.88,1603933376
730,36.68,-121.66,Salinas,US,65.21,44,1,9.17,1603933096
731,-34.05,23.37,Plettenberg Bay,ZA,60.53,88,100,2.55,1603933378
732,52.98,116.92,Bukachacha,RU,26.13,89,100,1.54,1603933381
733,53.07,76.1,Kachīry,KZ,27.09,94,29,8.34,1603933382
734,-5.56,-80.82,Sechura,PE,66.94,76,93,14.81,1603933383
735,71.04,27.85,Mehamn,NO,37.67,89,100,7.54,1603933110
736,8.02,-80.45,Boca de Parita,PA,79.79,83,100,4.14,1603933385
737,-0.87,134.08,Manokwari,ID,85.14,64,31,2.13,1603933386
738,64.86,-147.8,College,US,18.52,89,0,1.97,1603933388
739,48.03,12.56,Trostberg,DE,46.38,86,100,4.68,1603933389
740,-2.63,-56.74,Parintins,BR,79.63,77,100,2.35,1603933390
741,-13.59,-71.77,Oropesa,PE,57.97,59,8,6.11,1603933391
742,-22.28,166.46,Noumea,NC,79.57,58,9,11.05,1603933392
743,41.4,119.64,Yebaishou,CN,48,42,100,0.96,1603933393
744,30.76,20.23,Ajdabiya,LY,68.16,69,0,6.76,1603933394
745,8.82,40.52,Gelemso,ET,55.54,40,0,1.63,1603933396
746,-7.23,-44.56,Uruçuí,BR,81.3,67,2,2.77,1603933397
747,60.82,-115.8,Hay River,CA,19.18,96,19,4.36,1603933398
748,21.85,-78.12,Esmeralda,CU,78.28,86,0,7.7,1603933341
749,59.85,31.48,Priladozhskiy,RU,45,99,100,8.84,1603933400
750,-8.58,13.66,Caxito,AO,76.6,83,100,2.64,1603933401
751,36.62,101.77,Xining,CN,37.11,66,0,1.83,1603933402
752,5.67,73,Ugoofaaru,MV,82.56,73,39,7,1603933404
753,9.9,4.42,Wawa,NG,75.88,43,0,2.89,1603933405
754,-5.17,32.35,Usoke,TZ,70,56,99,6.73,1603933406
755,31.52,75.35,Dhilwan,IN,59.81,33,0,1.99,1603933407
756,-1.68,29.22,Goma,CD,63.41,79,78,2.89,1603933408
757,-6.53,-64.38,Canutama,BR,77.58,88,95,1.5,1603933228
758,27.27,31.15,Abnūb,EG,71.51,64,0,8.5,1603933410
759,34.38,131.2,Nagato,JP,66,71,0,2.59,1603933411
760,-22.43,-151.33,Moerai,PF,76.95,88,100,18.37,1603933413
761,-5.86,144.23,Mount Hagen,PG,69.84,81,15,3.24,1603933414
762,49.42,31.92,Ruska Poliana,UA,46.74,88,85,6.46,1603933415
763,52.63,29.73,Forsytheganj,BY,43.39,83,87,6.04,1603933416
764,68.22,-135.01,Aklavik,CA,17.46,86,83,8.1,1603933417
765,-30.98,150.25,Gunnedah,AU,69.75,57,0,2.06,1603933418
766,11.5,42.5,Djibouti,DJ,70.86,74,0,11.23,1603933419
767,42.83,-108.73,Lander,US,41.02,45,1,3.18,1603933421
768,53.53,43.68,Nizhniy Lomov,RU,31.1,90,0,7.11,1603933422
769,5.84,-5.36,Divo,CI,71.4,99,75,2.24,1603933424
770,59.12,159.97,Palana,RU,33.24,86,0,5.03,1603933425
771,27.04,14.43,Sabha,LY,63.03,46,0,14.99,1603933426
772,62.1,126.7,Berdigestyakh,RU,2.55,90,49,4.56,1603933427
773,67.68,53.15,Iskateley,RU,36.19,98,100,11.21,1603933429
774,25.29,60.64,Chabahar,IR,74.53,61,0,3.4,1603933430
775,5.89,95.32,Sabang,ID,82.49,74,100,18.05,1603933431
776,21.46,-71.14,Cockburn Town,TC,82.87,75,1,21.32,1603933432
777,4.74,22.82,Bangassou,CF,69.8,97,100,2.35,1603933434
778,-38.37,-60.28,Tres Arroyos,AR,48.58,69,42,11.41,1603933435
779,-2.88,108.27,Manggar,ID,84.18,73,72,8.08,1603933437
780,3.17,-52.32,Camopi,GF,78.53,78,85,5.48,1603933304
781,35.3,37.18,Abu Samrah,SY,67.28,58,93,4.34,1603933439
782,5.4,100.36,Butterworth,MY,80.01,88,100,5.99,1603933211
783,58.11,57.81,Lys'va,RU,30.56,93,100,10.02,1603933441
784,-10.4,40.33,Madimba,TZ,74.19,87,65,3.89,1603933442
785,36.62,-121.92,Pacific Grove,US,61.99,82,0,2.53,1603933443
786,41.93,19.22,Ulcinj,ME,50.99,87,0,1.12,1603933168
787,52.04,33.95,Druzhba,UA,40.71,93,0,7.18,1603933447
788,40.27,18.34,Melendugno,IT,57.99,76,100,22.53,1603933448
789,22.2,109.94,Yashan,CN,71.65,85,100,9.66,1603933449
790,37.34,-121.89,San Jose,US,71.04,25,5,6.93,1603933211
791,-25.24,130.99,Yulara,AU,91.63,11,0,17.4,1603933451
792,-9.17,-60.63,Aripuanã,BR,77.52,78,27,2.28,1603933453
793,63.92,127.47,Sangar,RU,-3.87,91,81,7.34,1603933454
794,33.97,36.66,Yabrūd,SY,61,55,100,1.99,1603933456
795,37.51,13.09,Sciacca,IT,52.72,82,0,8.99,1603933457
796,0.5,29.47,Beni,CD,63.63,100,100,1.7,1603933458
797,13.83,-88.92,El Salvador,SV,73,100,100,1.01,1603933370
798,42.88,47.64,Kaspiysk,RU,60.01,93,70,15.99,1603933460
799,-23.65,-70.4,Antofagasta,CL,56.25,79,22,3.33,1603933462
800,-20.75,-51.68,Três Lagoas,BR,78.13,72,0,5.84,1603933297
801,56.08,86.03,Anzhero-Sudzhensk,RU,21.43,96,100,12.1,1603933464
802,67.63,134.63,Batagay,RU,3.49,92,100,1.79,1603933465
803,-21.74,-44.31,Andrelândia,BR,66.36,70,0,1.45,1603933466
804,55.05,74.58,Kalachinsk,RU,23.18,96,89,5.99,1603933467
805,31.63,-8.01,Marrakesh,MA,64.17,42,33,2.64,1603933468
806,-26.96,24.73,Vryburg,ZA,76.05,27,0,17.56,1603933470
807,19.37,-81.42,West Bay,KY,81.91,86,14,1.01,1603933397
808,-24.2,29.5,Lebowakgomo,ZA,65.3,48,0,8.05,1603933472
809,11,122.67,Dingle,PH,83.84,79,2,6.51,1603933473
810,20.45,121.97,Basco,PH,81.21,83,99,24.14,1603933474
811,50.59,107.6,Bichura,RU,35.51,75,64,1.77,1603933475
812,18.09,-15.98,Nouakchott,MR,85.15,29,0,15.59,1603933476
813,47.83,-2.5,Arrondissement de Vannes,FR,55,87,100,4,1603933422
814,49.98,92.07,Ulaangom,MN,26.24,91,100,0.56,1603933479
815,5.35,48.53,Hobyo,SO,78.82,80,7,6.93,1603933480
816,-2.54,14.75,Djambala,CG,67.3,98,100,1.7,1603933482
817,-30.38,153.1,Sawtell,AU,71.01,83,15,6.46,1603933484
818,64.92,77.78,Tarko-Sale,RU,-3.89,89,0,5.61,1603933485
819,61.6,5.03,Florø,NO,45.01,89,100,19.64,1603933488
820,-32.5,137.77,Port Augusta,AU,78.17,24,99,21.52,1603933489
821,35.24,129.21,Gijang,KR,61.2,38,0,5.41,1603933490
822,51.12,133.02,Chegdomyn,RU,35.4,83,37,3.53,1603933491
823,64.08,24.55,Ylivieska,FI,46,95,100,8.01,1603933492
824,54.21,72.97,Odesskoye,RU,28.44,98,100,8.14,1603933493
825,-23.49,-58.8,Pozo Colorado,PY,69.94,96,100,12.62,1603933495
826,43.13,-115.69,Mountain Home,US,50,50,0,6.69,1603933496
827,32.35,-85.2,Russell,US,75.06,90,100,1.99,1603933497
828,4.88,-1.76,Takoradze,GH,76.93,90,74,6.55,1603933498
829,-16.62,-72.71,Camaná,PE,62.98,76,86,5.79,1603933499
830,63.45,120.32,Verkhnevilyuysk,RU,-0.27,90,3,2.04,1603933502
831,-18.51,-54.76,Coxim,BR,76.98,82,100,7.23,1603933503
832,54.81,105.16,Zhigalovo,RU,32.68,94,100,3.22,1603933504
833,60.1,19.93,Mariehamn,AX,48.61,85,0,17.49,1603933469
834,32.69,-117.18,Coronado,US,67.89,89,0,6.55,1603933506
835,12.58,-81.7,San Andrés,CO,82.9,80,91,12.41,1603933508
836,-0.22,100.63,Payakumbuh,ID,75.88,72,100,0.67,1603933509
837,45.44,40.58,Kropotkin,RU,57,70,60,9.8,1603933510
838,13.35,-15.75,Nioro,GM,75.43,62,0,5.91,1603933511
839,21.03,83.8,Binka,IN,66.63,67,0,3.62,1603933512
840,63.66,9.57,Beian,NO,40.73,74,54,1.99,1603933513
841,5.66,-53.78,Mana,GF,81.46,80,17,12.46,1603933514
842,34.88,-76.9,Havelock,US,69.35,90,92,5.12,1603933516
843,48.22,26.65,Păltiniş,RO,48.04,92,84,3.67,1603933517
844,68.82,-51.19,Qasigiannguit,GL,14,61,100,5.82,1603933518
845,60.73,77.59,Strezhevoy,RU,3.09,93,0,7.18,1603933520
846,48.75,-3.42,Arrondissement de Lannion,FR,52,88,100,5.99,1603933521
847,41.17,75.81,At-Bashi,KG,28.33,85,100,0.11,1603933523
848,-7.75,112.01,Gondanglegi,ID,84.56,68,0,7.7,1603933524
849,45.76,106.27,Mandalgovi,MN,37.26,61,0,13.69,1603933525
850,-26.62,-54.13,San Vicente,AR,63.25,62,0,2.28,1603933526
851,9.06,-62.05,Tucupita,VE,77.02,95,84,3.87,1603933527
852,63.79,74.52,Muravlenko,RU,2.59,86,1,3.83,1603933529
853,54.1,23.7,Veisiejai,LT,49.89,95,70,5.26,1603933531
854,54.72,135.31,Chumikan,RU,34.84,88,97,7.34,1603933532
855,41.77,34.87,Sinop Province,TR,59.94,56,0,5.28,1603933533
856,36.37,6.61,Constantine,DZ,53.22,80,76,1.92,1603933534
857,29.96,122.3,Shenjiamen,CN,66.43,69,70,13.27,1603933535
858,14.97,8.89,Tanout,NE,77.81,18,0,9.66,1603933537
859,28.71,-82.08,Sumter,US,77.99,91,31,1.99,1603933274
860,51.96,58.16,Buribay,RU,32.77,86,0,9.17,1603933539
861,-9.6,-35.96,Pilar,BR,72.5,87,100,6.64,1603933295
862,6.12,81.12,Hambantota,LK,78.8,82,99,7.63,1603933541
863,16.98,73.3,Ratnagiri,IN,79.3,71,92,5.17,1603933542
864,-16.78,-151.5,Tevaitoa,PF,80.8,78,0,16.55,1603933269
865,62.23,45,Verkhnyaya Toyma,RU,39.54,93,100,6.98,1603933544
866,51.32,42.77,Kamenka,RU,33.89,82,0,9.64,1603933546
867,40.82,-82.27,Ashland,US,44.35,93,100,2.35,1603933547
868,66.94,-53.67,Sisimiut,GL,18.66,88,99,6.78,1603933548
869,43.61,122.27,Tongliao,CN,41.02,55,0,1.68,1603933549
870,25.75,71.38,Bārmer,IN,71.83,33,0,6.2,1603933550
871,-38.1,176.7,Kawerau,NZ,63.93,78,100,4,1603933551
872,-43.25,-65.31,Trelew,AR,48.15,51,0,5.26,1603933552
873,30.8,106.08,Nanchong,CN,58.75,81,84,1.23,1603933554
874,4.12,43.89,Oddur,SO,71.89,87,76,12.73,1603933555
875,41.39,2.16,Barcelona,ES,60.03,97,0,5.48,1603933418
876,-11.38,43.28,Mitsamiouli,KM,78.33,75,19,8.75,1603933464
877,54.78,-127.17,Smithers,CA,37.58,82,100,1.61,1603933559
878,8.2,-59.78,Mabaruma,GY,76.71,94,49,2.98,1603933560
879,52.7,115.17,Verkh-Usugli,RU,23,93,100,1.61,1603933562
880,32.17,120.01,Taixing,CN,65.34,80,97,7.05,1603933563
881,34.17,-82.12,Greenwood,US,70.14,88,95,5.97,1603933524
882,54.63,-8.45,Killybegs,IE,46,92,81,5.01,1603933565
883,-30.72,25.1,Colesberg,ZA,71.51,34,100,8.61,1603933566
884,-17.31,-53.22,Alto Araguaia,BR,70.66,89,95,6.13,1603933324
885,11.85,13.16,Maiduguri,NG,76.84,25,0,6.89,1603933569
886,-51.62,-69.22,Río Gallegos,AR,48.13,64,91,36.48,1603933570
887,-38.72,-62.27,Bahía Blanca,AR,55.22,46,0,16.64,1603933571
888,-31.43,152.92,Port Macquarie,AU,71.71,58,0,7.25,1603933574
889,62.86,51.89,Sindor,RU,40.98,88,86,13.98,1603933575
890,-3.43,10.66,Mayumba,GA,74.66,87,90,2.84,1603933577
891,40.63,21.7,Filotas,GR,60.51,74,92,4.21,1603933578
892,48.65,-53.11,Bonavista,CA,33.01,82,100,3,1603933579
893,59.36,5.22,Visnes,NO,48.58,80,100,13,1603933580
894,36.29,-76.25,Elizabeth City,US,68.04,96,36,6.17,1603933581
895,63.05,179.32,Beringovskiy,RU,27.19,91,20,11.45,1603933582
896,-22.47,-68.93,Calama,CL,47.23,43,0,2.57,1603933583
897,18.42,-64.62,Road Town,VG,79,89,0,10,1603933314
898,-15.66,-40.07,Itarantim,BR,72.41,96,100,3.98,1603933586
899,38.7,-9.42,Cascais,PT,60.85,77,0,5.1,1603933587
900,-18.47,-47.2,Coromandel,BR,70.16,85,100,3.29,1603933588
901,6.19,-67.49,Puerto Carreño,CO,79.61,81,78,6.26,1603933589
902,54.11,20.13,Orneta,PL,47.59,88,99,8.19,1603933590
903,55.17,124.72,Tynda,RU,10.81,90,0,1.97,1603933591
904,49.82,-94.43,Kenora,CA,24.01,68,0,8.01,1603933593
905,-5.2,-35.46,Touros,BR,78.28,74,83,12.73,1603933468
906,61.81,51.58,Kortkeros,RU,40.57,92,85,11.12,1603933595
907,9.41,122.64,Basay,PH,84.11,71,0,6.64,1603933596
908,32.12,20.07,Benghazi,LY,70.41,63,15,14.29,1603933552
909,-13.28,-50.16,São Miguel do Araguaia,BR,75.81,83,100,3.62,1603933598
910,55.14,37.47,Chekhov,RU,36.28,10,0,5.64,1603933599
911,-4.42,-41.46,Pedro II,BR,73.36,82,66,3.13,1603933601
912,49.68,-83.67,Hearst,CA,24.8,79,0,4.7,1603933602
913,15.8,-84.28,Barra Patuca,HN,79.65,88,4,7.54,1603933603
914,-2.54,-57.76,Urucará,BR,80.29,77,96,1.72,1603933604
915,-27.58,153.3,Victoria Point,AU,80.01,66,0,3,1603933605
916,-7.02,-45.48,São Raimundo das Mangabeiras,BR,81.48,69,58,4.25,1603933608
917,45.25,77.98,Ushtobe,KZ,34.25,81,87,11.45,1603933609
918,-28.55,16.43,Oranjemund,NA,59.65,74,100,3.18,1603933610
919,-20.01,57.66,Grand Gaube,MU,70,73,48,5.01,1603933611
920,54.43,119.93,Tupik,RU,18.27,89,0,1.79,1603933612
921,8.06,-78.36,Garachiné,PA,78.67,86,98,10.07,1603933613
922,39.76,-105.22,Golden,US,42.21,61,0,4.56,1603933347
923,-6.13,12.37,Soyo,AO,76.62,87,100,4.03,1603933615
924,25.05,61.74,Jiwani,PK,76.39,31,0,7.49,1603933617
925,52.85,8.03,Cloppenburg,DE,49.33,92,100,5.01,1603933618
926,3.87,17.99,Mbaïki,CF,69.53,99,100,2.01,1603933620
927,21.28,-88.27,Panabá,MX,76.17,92,96,6.82,1603933621
928,7.53,-12.51,Bonthe,SL,78.71,87,95,7.36,1603933385
929,10.48,-66.54,Guatire,VE,70.5,79,89,0.72,1603933624
930,59.45,112.56,Vitim,RU,13.46,92,100,6.8,1603933625
931,5.28,115.24,Labuan,MY,82,88,0,1.99,1603933626
932,-8.62,122.21,Maumere,ID,85.1,66,3,1.07,1603933629
933,41.25,32.69,Safranbolu,TR,55.96,76,0,1.34,1603933630
934,-20.15,28.58,Bulawayo,ZW,65.12,38,0,8.25,1603933633
935,-43.53,172.63,Christchurch,NZ,55.24,80,100,5.01,1603933595
936,63.74,34.32,Segezha,RU,45.75,87,100,13.65,1603933635
937,45.89,13.91,Ajdovščina,SI,43.68,92,100,3.02,1603933636
938,-26.53,153.1,Coolum Beach,AU,78.69,75,0,3,1603933637
939,5.62,-54.4,Moengo,SR,78.15,86,100,4.23,1603933638
940,60.37,93.04,Severo-Yeniseyskiy,RU,15.89,96,100,11.1,1603933640
941,53.97,121.97,Yerofey Pavlovich,RU,22.01,85,0,0.6,1603933641
942,37.23,55.37,Minudasht,IR,61.95,58,100,2.19,1603933642
943,65.85,74.49,Pangody,RU,0.34,87,3,7.96,1603933643
944,51.71,143.23,Katangli,RU,42.44,78,36,8.12,1603933644
945,37.87,112.56,Taiyuan,CN,49.55,62,52,1.57,1603933645
946,10.28,22.79,Birao,CF,74.01,39,0,1.86,1603933646
947,69.23,17.98,Finnsnes,NO,31.06,88,0,2.35,1603933648
948,18.2,-73.75,Les Cayes,HT,79.07,82,7,3.2,1603933649
949,57.24,107.32,Ulkan,RU,30.09,96,100,2.86,1603933650
950,21.38,-77.92,Camagüey,CU,76.51,88,6,10.04,1603933651
951,-3.42,114.85,Martapura,ID,84.97,73,96,2.26,1603933652
952,-1.95,18.27,Inongo,CD,70.54,97,100,2.62,1603933653
953,13.22,18.34,Ati,TD,83.08,18,0,11.56,1603933655
954,-34.58,150.86,Flinders,AU,68,77,88,3,1603933656
955,-9.86,124.28,Soe,ID,80.82,55,14,5.23,1603933657
956,23,76.5,Iāwar,IN,64.13,40,0,2.1,1603933658
957,56.79,105.77,Ust'-Kut,RU,33.42,93,100,5.41,1603933659
958,33.34,44.4,Baghdad,IQ,67.05,24,7,5.01,1603933660
959,30.33,10.85,Nālūt,LY,54.34,62,0,12.33,1603933661
960,41.14,-73.36,Westport,US,50.65,98,100,7.76,1603933371
961,64.75,177.48,Anadyr,RU,22.77,88,0,12.33,1603933664
962,-11.1,-77.61,Hualmay,PE,63.54,81,48,9.4,1603933665
963,52.41,49.96,Pestravka,RU,32.04,91,4,5.68,1603933667
964,44.65,-63.57,Halifax,CA,36.1,90,29,5.28,1603933388
965,52.66,90.09,Abaza,RU,27.75,94,93,5.03,1603933669
966,-23.94,31.14,Phalaborwa,ZA,70.29,39,0,4.97,1603933393
967,5.77,73.38,Manadhoo,MV,82.62,73,73,6.96,1603933672
968,-32.72,152.15,Nelson Bay,AU,66.99,85,71,4,1603933673
969,61.47,-6.81,Vágur,FO,48.56,88,0,16.67,1603933674
970,33.74,-116.94,East Hemet,US,76.95,23,1,9.17,1603933676
971,-16.98,-67.22,Quime,BO,56.28,61,8,1.99,1603933677
972,33.61,-114.6,Blythe,US,75,24,0,4.52,1603933678
973,-19.8,-63.22,Charagua,BO,75.42,65,78,2.37,1603933680
974,50.3,87.73,Aktash,RU,16.47,90,100,3.51,1603933681
975,61.47,128.92,Mokhsogollokh,RU,6.3,91,100,4.72,1603933682
976,40.97,-117.74,Winnemucca,US,48,28,0,1.03,1603933683
977,-7.88,111.12,Jatiroto,ID,81.59,69,0,1.79,1603933684
978,32.3,69.57,Wana,PK,49.59,41,0,0.96,1603933686
979,28.5,-13.86,Puerto del Rosario,ES,67.33,79,97,13.98,1603933687
980,41.28,-70.1,Nantucket,US,54,92,100,13,1603933688
981,38.42,77.24,Shache,CN,40.51,59,100,0.76,1603933689
982,-14.54,40.67,Nacala,MZ,72.68,90,0,2.68,1603933690
983,62.55,155.55,Dukat,RU,14.77,83,42,3.38,1603933691
984,-13.85,136.42,Alyangula,AU,87.66,49,14,10.67,1603933692
985,13.6,26.69,Umm Kaddadah,SD,81.81,23,8,16.26,1603933694
986,30.69,78.49,Ginda,IN,48.88,42,0,6.11,1603933695
987,57.31,88.17,Tegul'det,RU,20.34,94,100,11.48,1603933696
988,-7.3,-70.22,Envira,BR,79.54,76,25,3.2,1603933697
989,34.17,77.58,Leh,IN,27.23,77,0,3.13,1603933698
990,36.53,-87.36,Clarksville,US,59.29,94,100,5.5,1603933400
991,-20.22,-70.14,Iquique,CL,58.57,67,41,0.31,1603933438
992,56.25,-117.29,Peace River,CA,33.53,90,0,4.52,1603933702
993,59.64,-151.55,Homer,US,33.01,73,78,6.51,1603933501
994,40.28,97.2,Yumen,CN,36.27,75,34,7.65,1603933704
995,22.69,58.53,Ibrā’,OM,63.1,54,0,4.23,1603933705
996,-0.95,100.35,Padang,ID,82.18,61,100,0.65,1603933471
997,9.33,-82.25,Bocas del Toro,PA,66,100,100,1.3,1603933707
998,42.78,124.1,Changtu,CN,40.21,59,0,3.33,1603933708
999,37.5,61.97,Murgab,TM,34.72,68,0,6.93,1603933646
1000,25.81,66.62,Uthal,PK,70.11,70,0,1.77,1603933688
1001,18.56,120.79,Pagudpud,PH,83.08,75,97,12.41,1603933712
1002,26.28,75.38,Mālpura,IN,63.93,29,0,4.21,1603933713
1003,39.45,-86.18,Bud,US,49.62,87,1,4.18,1603933714
1004,54.48,37.7,Yasnogorsk,RU,38.1,84,0,7.38,1603933715
1005,47.36,36.65,Kuybysheve,UA,46.85,93,34,10.33,1603933716
1006,63.37,47.92,Blagoyevo,RU,40.91,89,85,9.95,1603933718
1007,38.42,-121.42,Laguna,US,71.67,29,0,2.91,1603933485
1008,9.53,31.66,Malakal,SS,75.63,75,0,3.24,1603933720
1009,51.05,-113.39,Strathmore,CA,37.54,97,94,6.93,1603933721
1010,27.74,66.64,Khuzdar,PK,55.76,32,0,4.7,1603933722
1011,-7.47,-34.81,Pitimbu,BR,77.76,77,100,12.3,1603933723
1012,-41.41,175.52,Waipawa,NZ,60.84,87,100,3,1603933724
1013,29.6,-90.72,Houma,US,74.66,93,100,5.99,1603933541
1014,11.03,20.28,Am Timan,TD,75.96,41,40,0.89,1603933727
1015,-25.79,31.05,Barberton,ZA,65.61,77,0,6.93,1603933728
1016,43.6,73.76,Chu,KZ,27.64,91,0,0.67,1603933729
1017,-28.87,153.57,Ballina,AU,77,65,7,1.01,1603933730
1018,69.73,30.05,Kirkenes,NO,37.31,93,100,12.64,1603933731
1019,42.91,73.27,Oytal,KZ,31.66,86,0,1.45,1603933732
1020,36.06,14.2,Saint Lawrence,MT,63.95,67,0,10,1603933734
1021,66.77,123.37,Zhigansk,RU,-8.86,90,10,5.26,1603933735
1022,52.61,1.73,Great Yarmouth,GB,43.72,98,0,1.99,1603933736
1023,31.46,-100.44,San Angelo,US,49.96,46,1,12.75,1603933665
1024,59.38,143.3,Okhotsk,RU,28.87,88,100,8.16,1603933738
1025,59,22.75,Kärdla,EE,50,91,76,8.99,1603933740
1026,-10.82,-42.73,Xique-Xique,BR,79.05,74,71,4,1603933742
1027,4.09,30.68,Yei,SS,66.85,93,73,0.96,1603933744
1028,53.75,127.27,Zeya,RU,28.22,93,54,1.77,1603933745
1029,-9.66,120.26,Waingapu,ID,86.68,63,17,11.14,1603933746
1030,-31.63,-60.7,Santa Fe,AR,54,81,0,1.01,1603933702
1031,48.83,-72.53,Normandin,CA,32,94,100,13.87,1603933748
1032,18.97,-91.18,Sabancuy,MX,80.58,82,100,7.14,1603933750
1033,11.24,-74.2,Santa Marta,CO,82.99,75,98,5.01,1603933459
1034,42.63,131.09,Zarubino,RU,42.85,59,0,16.53,1603933752
1035,6.54,21.99,Bria,CF,69.49,90,100,1.34,1603933753
1036,55.34,-131.65,Ketchikan,US,43.65,78,79,0.58,1603933541
1037,18.44,1.41,Kidal,ML,77.14,17,0,7.7,1603933755
1038,-23.35,47.6,Vangaindrano,MG,69.76,90,17,8.08,1603933757
1039,-12.58,13.41,Benguela,AO,76.39,77,51,7.14,1603933720
1040,39.47,141.95,Yamada,JP,57.69,53,0,9.13,1603933759
1041,12.38,17.06,Bokoro,TD,81.66,21,67,6.29,1603933760
1042,18.63,-91.83,Ciudad del Carmen,MX,81.1,78,100,9.89,1603933761
1043,36.79,31.44,Manavgat,TR,68.14,65,0,6.4,1603933763
1044,46.78,4.85,Chalon-sur-Saône,FR,53.98,91,100,3,1603933683
1045,-19.8,-174.35,Pangai,TO,74.28,73,0,20.45,1603933766
1046,44.08,-80.2,Shelburne,CA,39,68,100,9.69,1603933768
1047,53.57,142.95,Okha,RU,40.71,75,2,4.81,1603933769
1048,-25.33,-57.53,San Lorenzo,PY,75.79,46,100,6.02,1603933770
1049,26.96,56.27,Qeshm,IR,78.46,54,0,7.31,1603933771
1050,-21.35,165.15,Poya,NC,82.78,53,18,6.02,1603933773
1051,-15.23,-59.34,Pontes e Lacerda,BR,77.9,79,100,3.42,1603933774
1052,48.71,44.87,Srednyaya Akhtuba,RU,35.01,80,0,11.01,1603933775
1053,48.14,38.94,Krasnyy Luch,UA,41.41,72,0,11.74,1603933776
1054,62.32,27.87,Varkaus,FI,45,99,100,5.01,1603933777
1055,48.4,-89.32,Thunder Bay,CA,33.01,68,42,7.61,1603933778
1056,-7.26,-34.91,Conde,BR,75,82,98,9.28,1603933780
1057,21.44,-157.84,‘Āhuimanu,US,80.62,71,0,4,1603933781
1058,20.9,70.37,Verāval,IN,75.52,70,0,11.21,1603933782
1059,-1.7,-77.93,Palora,EC,70.57,91,100,1.86,1603933783
1060,46.7,-75.45,Ferme-Neuve,CA,39.2,80,97,4.7,1603933784
1061,66.27,33.05,Chupa,RU,43.16,85,100,9.15,1603933785
1062,7.85,36.65,Āgaro,ET,54.93,79,0,0.94,1603933787
1063,37.68,-113.06,Cedar City,US,51.01,28,0,7,1603933788
1064,25.48,103.78,Qujing,CN,55.85,87,100,3.31,1603933789
1065,55.28,-114.77,Slave Lake,CA,32.68,94,0,2.86,1603933703
1066,-4.32,20.58,Ilebo,CD,69.91,93,99,1.97,1603933791
1067,41.36,-93.56,Indianola,US,45.1,58,100,7.4,1603933656
1068,33.36,129.55,Hirado,JP,71.01,25,0,3,1603933793
1069,8.01,-62.4,Upata,VE,75.04,88,2,5.1,1603933795
1070,-3.7,128.18,Ambon City,ID,84.99,11,86,5.03,1603933796
1071,-9.43,159.95,Honiara,SB,84.7,76,100,8.05,1603933797
1072,-16.7,-151.02,Fare,PF,80.91,78,27,15.35,1603933798
1073,10.62,104.18,Kampot,KH,77.09,85,100,6.49,1603933799
1074,37.2,-94.35,Jasper,US,43.7,90,100,1.99,1603933633
1075,34.34,132.59,Kumano,JP,71.01,45,0,4.52,1603933802
1076,51.7,94.45,Kyzyl,RU,29.46,92,100,2.64,1603933803
1077,36.83,-119.7,Clovis,US,72.21,18,90,4.7,1603933667
1078,10.4,5.47,Kontagora,NG,73.2,39,0,2.13,1603933805
1079,-9.7,33.27,Chitipa,MW,63.27,77,72,6.33,1603933807
1080,-0.36,42.55,Kismayo,SO,78.55,82,76,10.71,1603933808
1081,47.13,10.56,Landeck,AT,45.68,93,100,2.73,1603933811
1082,14.92,-23.51,Praia,CV,79.05,85,2,9.33,1603933812
1083,54.43,31.9,Sobolevo,RU,40.87,88,46,7.18,1603933814
1084,49.64,24.93,Pomoriany,UA,46.17,93,84,5.14,1603933809
1085,50.32,130.37,Talakan,RU,35.73,84,81,9.55,1603933816
1086,13.48,-88.18,San Miguel,SV,76.12,92,100,2.53,1603933817
1087,5.73,10.9,Foumban,CM,63.84,91,100,1.41,1603933819
1088,27.94,-82.29,Brandon,US,81.12,77,13,1.01,1603933755
1089,-45.75,170.57,Waitati,NZ,49.95,89,96,23,1603933815
1090,34.73,-120.03,Santa Barbara,US,68.68,33,0,5.19,1603933172
1091,7.28,36.23,Bonga,ET,56.05,79,4,1.92,1603933823
1092,33.73,135.98,Shingū,JP,67.77,50,0,1.36,1603933824
1093,66.56,67.8,Aksarka,RU,15.51,97,100,16.46,1603933827
1094,30.72,-109.58,Esqueda,MX,50.25,42,0,6.2,1603933828
1095,3.46,8.55,Luba,GQ,75.2,100,40,3.36,1603933829
1096,-14.45,-56.8,Nortelândia,BR,74.64,93,100,3.49,1603933831
1097,54.65,60.9,Koyelga,RU,32.43,87,36,7.99,1603933832
1098,-27.18,151.27,Dalby,AU,82,18,0,5.01,1603933833
1099,41.14,-73.36,Westport,US,50.65,98,100,7.76,1603933371
1100,41.57,35.91,Bafra,TR,63.19,71,0,2.77,1603933835
1101,9.31,42.13,Harar,ET,54.41,38,0,5.1,1603933836
1102,54.77,-101.86,Flin Flon,CA,18.37,86,99,2.15,1603933838
1103,68.12,13.5,Gravdal,NO,43.45,74,0,11.12,1603933839
1104,63.01,112.47,Chernyshevskiy,RU,4.14,93,99,10.67,1603933840
1105,49.04,41.01,Kashary,RU,40.03,68,0,11.59,1603933841
1106,51.5,156.52,Ozernovskiy,RU,44.22,75,92,1.59,1603933843
1107,16.41,-3.67,Goundam,ML,83.62,14,100,4.79,1603933844
1108,8.53,34.8,Dembī Dolo,ET,56.17,92,31,4.7,1603933846
1109,-17.4,32.23,Mutoko,ZW,63.88,57,0,10.18,1603933847
1110,53.14,140.73,Nikolayevsk-on-Amur,RU,40.59,72,10,1.45,1603933849
1111,44.95,12.32,Porto Tolle,IT,48.34,96,100,1.01,1603933850
1112,53.56,-0.03,Cleethorpes,GB,43.36,89,38,13,1603933851
1113,45.27,36.33,Priozyornoye,UA,59.07,75,0,11.79,1603933852
1114,69.41,86.18,Dudinka,RU,0.3,80,0,8.63,1603933853
1115,-10.74,-37.81,Simão Dias,BR,71.85,90,100,8.84,1603933854
1116,21.23,-86.73,Isla Mujeres,MX,82,83,93,5.99,1603933564
1117,44.53,-109.06,Cody,US,36.37,80,80,1.01,1603933857
1118,53.45,36.91,Chern',RU,38.61,77,0,7.18,1603933858
1119,42.73,78.36,Tyup,KG,29.88,88,100,6.89,1603933859
1120,-17.84,-40.35,Nanuque,BR,76.96,86,100,17.56,1603933860
1121,60.15,-1.15,Lerwick,GB,49.21,84,93,6.91,1603933861
1122,12.35,29.25,Abū Zabad,SD,79.43,27,0,8.86,1603933863
1123,23.61,58.59,Muscat,OM,71.53,53,0,6.33,1603933864
1124,17.96,-102.2,Lázaro Cárdenas,MX,80.2,83,6,4.09,1603933865
1125,61.31,63.33,Yugorsk,RU,35.02,88,100,9.82,1603933745
1126,-35.17,173.17,Ahipara,NZ,65.5,81,100,4.59,1603933702
1127,50.72,-2,Poole,GB,50.4,79,100,3,1603933869
1128,-27.45,23.43,Kuruman,ZA,75,29,69,7,1603933870
1129,55.38,91.6,Balakhta,RU,30.15,91,99,15.55,1603933871
1130,13.46,14.71,Bol,TD,82.62,40,5,13.6,1603933872
1131,-20.02,148.23,Bowen,AU,84.4,51,0,8.61,1603933874
1132,12.72,74.89,Manjeshwar,IN,74.25,78,0,6.78,1603933875
1133,-9.83,-45.34,Gilbués,BR,77.9,67,100,3.47,1603933876
1134,19.11,37.33,Sawākin,SD,82.78,76,62,7.83,1603933877
1135,-19,-57.6,Ladário,BR,76.8,85,100,1.9,1603933879
1136,61.51,38.95,Kargopol',RU,41.11,95,99,6.96,1603933880
1137,41.87,-8.4,Mozelos,PT,50.23,93,0,1.99,1603933881
1138,-2.68,111.62,Pangkalanbuun,ID,85.23,69,9,3.71,1603933882
1139,15.27,-83.77,Puerto Lempira,HN,78.67,90,0,6.46,1603933884
1140,32.77,-97.8,Parker,US,41.63,85,0,9.51,1603933885
1141,47.47,-94.88,Bemidji,US,30.52,88,99,1.99,1603933656
1142,64.7,43.39,Pinega,RU,39.06,91,57,7.07,1603933887
1143,42.44,-123.33,Grants Pass,US,64.36,34,0,1.01,1603933831
1144,53,31.6,Krasnaya Gora,RU,41.68,86,0,7.18,1603933889
1145,44.67,-103.85,Belle Fourche,US,38.05,80,90,2.42,1603933890
1146,-3.33,128.92,Amahai,ID,81.19,77,100,10.94,1603933892
1147,3.3,117.63,Tarakan,ID,78.76,81,100,3.44,1603933893
1148,27.12,114.98,Ji’an,CN,66.88,72,99,7.23,1603933894
1149,54.43,113.6,Bagdarin,RU,20.89,92,100,1.52,1603933895
1150,48.92,2.33,Arrondissement de Saint-Denis,FR,51.01,92,100,5.01,1603933896
1151,39.25,117.79,Hangu,CN,56.44,33,100,3.31,1603933897
1152,-14.55,-49.97,Crixás,BR,72.91,88,97,2.08,1603933899
1153,61.99,5.14,Raudeberg,NO,46,89,100,29.91,1603933900
1154,44.88,-91.92,Menomonie,US,34.99,86,91,5.19,1603933902
1155,67.47,86.58,Igarka,RU,5.68,91,36,10.67,1603933905
1156,6.88,73.1,Dhidhdhoo,MV,82.49,72,13,7.25,1603933906
1157,7.1,39.2,Āsasa,ET,48.25,69,0,3.71,1603933907
1158,62.31,6.94,Stranda,NO,45,87,99,1.01,1603933908
1159,18.04,-71.74,Pedernales,DO,80.8,70,0,3.85,1603933909
1160,58.01,-3.85,Brora,GB,43.03,90,99,8.01,1603933836
1161,33.38,69.88,Khowst,AF,50.45,45,0,2.48,1603933911
1162,31.32,-113.53,Puerto Peñasco,MX,71.01,36,0,4,1603933914
1163,-14.27,50.17,Sambava,MG,74.1,84,43,11.23,1603933837
1164,55.22,-119.44,Beaverlodge,CA,34.81,86,0,2.44,1603933916
1165,-2,34.33,Issenye,TZ,65.71,78,37,3.22,1603933917
1166,51.68,102.14,Kyren,RU,33.12,85,3,0.83,1603933918
1167,34.39,67.02,Panjāb,AF,19.69,85,0,4.63,1603933920
1168,43.52,-114.32,Hailey,US,40.41,47,0,3,1603933921
1169,-10.44,-62.47,Jaru,BR,80.38,68,77,3.74,1603933923
1170,-17.22,-46.87,Paracatu,BR,72.73,80,100,3.06,1603933658
1171,37.94,22.96,Corinth,GR,64.99,58,100,3,1603933925
1172,18.22,-63.06,The Valley,AI,77.32,87,64,11.01,1603933736
1173,50.63,-96.99,Gimli,CA,23.23,91,15,8.93,1603933928
1174,-17.88,15.07,Ongandjera,NA,65.21,29,6,5.82,1603933929
1175,-8.14,159.59,Buala,SB,78.71,87,100,4.07,1603933652
1176,11.66,-70.22,Punta Cardon,VE,83.37,76,2,17.83,1603933931
1177,54.54,38.62,Uzunovo,RU,37.65,81,0,7.05,1603933932
1178,10.95,-4.93,Orodara,BF,72.01,32,53,1.19,1603933934
1179,-12.73,-69.18,Tambopata,PE,75.9,94,68,1.34,1603933935
1180,21.43,39.83,Makkah al Mukarramah,SA,71.19,70,0,0.78,1603933936
1181,7.38,8.57,Yaan,NG,74.93,82,100,5.19,1603933937
1182,63.08,27.67,Siilinjärvi,FI,46.54,87,100,17.27,1603933938
1183,35.9,114.19,Hebi,CN,57.15,38,83,1.59,1603933939
1184,-29.68,-53.81,Santa Maria,BR,63,69,0,3.36,1603933941
1185,48.28,37.18,Krasnoarmiys'k,UA,44.49,70,0,10.51,1603933942
1186,62.72,147.95,Kholodnyy,RU,10.06,83,76,0.51,1603933943
1187,-45.87,-67.5,Comodoro Rivadavia,AR,57.87,35,0,13,1603933944
1188,56.95,90.67,Novobirilyussy,RU,23.9,92,86,12.15,1603933945
1189,4.79,-71.34,Orocué,CO,78.62,84,83,5.28,1603933946
1190,65.82,87.98,Turukhansk,RU,12.24,92,100,14.79,1603933948
1191,60.02,41.06,Syamzha,RU,43.36,95,100,5.91,1603933949
1192,63.46,48.9,Koslan,RU,41.25,87,95,13.02,1603933950
1193,51.2,136.67,Gorin,RU,36.05,84,100,7.72,1603933951
1194,44.15,125.83,Jiutai,CN,37.08,68,0,6.62,1603933952
1195,63.3,10.48,Klæbu,NO,38.86,86,5,4.47,1603933953
1196,-7.02,113.87,Sumenep,ID,85.84,65,98,9.28,1603933955
1197,35.34,33.32,Kyrenia,CY,70.36,62,0,9.51,1603933956
1198,-3.94,122.5,Kendari,ID,85.44,62,24,6.04,1603933957
1199,51.15,37.89,Novikovo,RU,39.13,73,0,8.3,1603933958
1200,42.58,13.64,Montorio al Vomano,IT,48,58,0,5.01,1603933959
1201,-35.35,150.47,Ulladulla,AU,63.84,68,40,1.01,1603933960
1202,46.84,-1.87,Challans,FR,56.61,90,100,5.01,1603933962
1203,7.13,40.7,Ginir,ET,53.19,80,0,4.05,1603933964
1204,28.82,115.43,Ganzhou,CN,62.47,80,85,3.56,1603933965
1205,-17,145.43,Mareeba,AU,88.5,32,0,1.99,1603933966
1206,51.18,-114.47,Cochrane,CA,34.34,92,100,1.01,1603933963
1207,60.87,60.42,Polunochnoye,RU,36.79,83,100,11.5,1603933969
1208,65.01,53.91,Izhma,RU,41.41,91,100,16.91,1603933970
1209,14.38,75.1,Sorab,IN,64.92,80,0,4.27,1603933971
1210,65.97,29.18,Kuusamo,FI,41.7,92,100,11.16,1603933973
1211,-3.1,-67.94,Santo Antônio do Içá,BR,77.43,88,0,2.8,1603933974
1212,58.7,81.48,Parabel',RU,8.46,94,100,10.4,1603933976
1213,60.15,15.19,Ludvika,SE,43.5,94,74,4,1603933977
1214,2.04,45.34,Mogadishu,SO,78.93,81,0,6.89,1603933978
1215,42.49,78.39,Karakol,KG,29.59,93,100,6.96,1603933979
1216,40.6,-77.57,Lewistown,US,54.14,93,90,0.96,1603933980
1217,13.08,109.3,Tuy Hoa,VN,79.25,75,10,4.05,1603933981
1218,-15.86,-38.88,Belmonte,BR,77.45,89,100,11.12,1603933983
1219,42.75,2.75,Arrondissement de Perpignan,FR,59.41,76,1,4.92,1603933984
1220,36.75,-5.81,Arcos de la Frontera,ES,61,78,0,2.66,1603933985
1221,-39.63,-72.33,Panguipulli,CL,42.66,75,61,2.68,1603933987
1222,4.25,-54.38,Grand-Santi,GF,82.54,63,100,5.23,1603933988
1223,-14.21,-39.52,Ubatã,BR,73.44,97,100,3.18,1603933990
1224,55.81,66.77,Mokrousovo,RU,30.27,95,62,11.27,1603933991
1225,46.22,130.52,Huanan,CN,36.55,74,0,13.22,1603933992
1226,13.59,102.97,Sisophon,KH,73.54,95,100,8.48,1603933993
1227,-13.68,48.45,Ambanja,MG,72.64,86,1,3.2,1603933994
1228,-21.48,-56.14,Jardim,BR,74.01,91,0,4.27,1603933995
1229,45.22,127.97,Shangzhi,CN,37.06,70,0,3.98,1603933997
1230,-9.88,-56.09,Alta Floresta,BR,76.93,76,97,2.95,1603933998
1231,11.11,7.72,Zaria,NG,73.13,28,0,4.41,1603933999
1232,50.11,-120.79,Merritt,CA,55.4,71,40,4.7,1603933838
1233,41.19,-8.46,Campo,PT,50.23,90,0,3,1603934001
1234,12.51,39.52,Korem,ET,48.16,66,0,3.18,1603934002
1235,56.44,60.75,Verkhnyaya Sysert’,RU,32.77,85,43,12.88,1603934004
1236,-3.67,152.43,Namatanai,PG,86.25,66,87,1.68,1603934005
1237,48.14,-80.04,Kirkland Lake,CA,27.25,98,85,3.78,1603934006
1238,-19.84,34.84,Beira,MZ,71.78,88,8,2.91,1603934007
1239,7.07,37.7,Āreka,ET,56.3,43,0,6.73,1603934009
1240,60.73,114.93,Lensk,RU,14.36,87,55,11.81,1603934010
1241,-28.19,23.54,Danielskuil,ZA,71.58,33,84,7.92,1603934011
1242,65.32,21.48,Piteå,SE,43,99,83,7.56,1603934012
1243,63.28,118.33,Nyurba,RU,2.1,88,0,3.76,1603934013
1244,43.15,-77.68,Monroe,US,44.44,88,100,10.33,1603934014
1245,70.07,29.75,Vadsø,NO,38.84,90,99,9.19,1603934016
1246,-2.73,-78.83,Azogues,EC,54.18,78,100,4.5,1603934017
1247,-9.66,-37.79,Canindé de São Francisco,BR,76.48,77,95,9.75,1603934018
1248,67.28,14.4,Bodø,NO,36.66,77,0,3,1603934019
1249,27.72,85.32,Kathmandu,NP,56.37,72,0,2.44,1603934020
1250,36.96,36.2,Erzin,TR,73,80,4,1.77,1603934021
1251,3.1,98.49,Kabanjahe,ID,69.1,75,66,2.15,1603934023
1252,51.2,35.27,Sudzha,RU,41.04,91,0,7.87,1603934024
1253,37.8,-25.58,Rabo de Peixe,PT,66,79,1,10.42,1603934025
1254,25.52,90.22,Tura,IN,71.06,89,0,3.69,1603934026
1255,39.97,-83.02,Franklin,US,50.65,93,90,1.41,1603933902
1256,69.31,16.12,Andenes,NO,36,100,19,5.99,1603934028
1257,7.8,6.74,Lokoja,NG,76.32,68,100,3.2,1603934029
1258,42.9,133.91,Preobrazheniye,RU,41.32,63,0,12.41,1603934031
1259,-16.92,35.26,Nsanje,MW,69.37,79,1,4.16,1603934032
1260,43.62,-73.02,Rutland,US,41.99,81,40,3.36,1603934034
1261,2.02,112.93,Kapit,MY,80.83,81,87,2.1,1603934036
1262,-12.49,130.98,Palmerston,AU,87.01,58,59,4,1603934038
1263,51.13,93.6,Khovu-Aksy,RU,26.02,91,99,0.45,1603934040
1264,58.4,49.06,Orichi,RU,32.14,97,75,8.77,1603934041
1265,-20.1,146.27,Charters Towers,AU,84.2,14,0,10.94,1603933877
1266,9.29,105.72,Bac Lieu,VN,78.89,85,100,6.24,1603933845
1267,40.59,23.03,Panórama,GR,62.15,80,100,4,1603934044
1268,19.27,76.78,Parbhani,IN,66.67,58,0,3.33,1603934046
1269,-17.53,-149.33,Tiarei,PF,75,94,6,17,1603934047
1270,-28.85,-51.89,Guaporé,BR,66,95,0,0.6,1603934048
1271,-0.5,117.15,Samarinda,ID,81.57,88,96,3.24,1603933795
1272,52.05,-9.52,Killarney,IE,49.14,91,100,6.2,1603934050
1273,53.4,-117.59,Hinton,CA,36.46,85,100,1.57,1603934051
1274,2.79,24.73,Buta,CD,70.75,98,100,2.77,1603934054
1275,18.9,-3.53,Araouane,ML,84.63,15,5,7.7,1603934055
1276,52.48,1.75,Lowestoft,GB,44.29,98,0,1.99,1603934056
1277,46.54,138.33,Svetlaya,RU,39.85,84,100,17.2,1603934057
1278,49.62,127.98,Konstantinovka,RU,31.75,90,55,9.08,1603934058
1279,8.5,-82.43,Los Algarrobos,PA,66,100,100,3.06,1603934059
1280,-20.47,22.72,Sehithwa,BW,78.31,22,0,11.39,1603934061
1281,22.38,110.94,Dongzhen,CN,76.01,77,100,6.31,1603934062
1282,5.56,95.32,Banda Aceh,ID,82.31,68,100,9.51,1603934063
1283,55.96,97.82,Biryusinsk,RU,30.6,93,0,6.08,1603934064
1284,-19.76,-44.31,Esmeraldas,BR,72.36,77,91,2.64,1603934065
1285,8.55,-80.08,Las Colinas,PA,78.24,83,100,1.3,1603934066
1286,36.99,-86.44,Bowling Green,US,60.01,99,100,1.01,1603934067
1287,53.56,119.32,Davenda,RU,24.12,82,4,1.52,1603934069
1288,25.26,63.47,Pasni,PK,74.79,37,0,25.08,1603934070
1289,41.12,80.26,Aksu,CN,45.43,50,100,1.72,1603933964
1290,64.25,12.38,Snåase,NO,35.87,84,19,2.95,1603934072
1291,30.63,117.85,Rongcheng,CN,69.01,82,31,5.5,1603934073
1292,-14.8,-57.29,Nova Olímpia,BR,74.71,92,100,8.88,1603934074
1293,45.12,124.86,Songyuan,CN,36.41,70,0,6.73,1603934077
1294,14.53,20.92,Biltine,TD,80.49,21,0,8.97,1603934078
1295,-37.81,144.89,Seddon,AU,73.81,53,88,1.01,1603934079
1296,33.53,-111.94,Paradise Valley,US,64.56,22,1,3.36,1603934080
